seed,knockout,split,decode,n_gold_matches,n_pred_matches,precision,recall,f1,wrong_merge_rate,fragmentation_rate,trajectory_consistency_rate,impossible_transition_rate,n_transitions,n_impossible_transitions,dangling_precision,dangling_recall,n_gold_dangling,n_pred_dangling
19521006,__none__,dev,standard,109.91666666666667,26.833333333333332,0.7054561778908276,0.17455851891043203,0.2792092648761782,0.18148716327774525,0.9774495447965039,0.7305986510864676,0.26940134891353235,1091.8333333333333,293.5,0.26020642190087867,0.7849280082846534,51.083333333333336,154.66666666666666
19521006,__none__,dev,revive,109.91666666666667,60.666666666666664,0.6332442461431268,0.35137509751463686,0.4514937225654398,0.28797533187108404,1.0820944241488335,0.7024287951429682,0.2975712048570319,2222.5833333333335,661.8333333333334,0.7436855738076469,0.5272244190244153,51.083333333333336,36.25
19521006,__none__,test,standard,108.84615384615384,27.692307692307693,0.6994438801146453,0.17506666519052907,0.27821154501615597,0.2037714436307598,0.9775294652908928,0.7239333717261525,0.27606662827384754,1095.923076923077,303.3076923076923,0.25406153325074576,0.7421917396589889,52.15384615384615,153.46153846153845
19521006,__none__,test,revive,108.84615384615384,59.92307692307692,0.6391040652695389,0.3529258995429056,0.45414373243895806,0.2880654611862275,1.0685353682453242,0.7066291634084609,0.2933708365915392,2204.5384615384614,646.9230769230769,0.7185631929012088,0.505969014527219,52.15384615384615,37.15384615384615
19521006,time,dev,standard,109.91666666666667,26.833333333333332,0.7054561778908276,0.17455851891043203,0.2792092648761782,0.18148716327774525,0.9774495447965039,0.7305986510864676,0.26940134891353235,1091.8333333333333,293.5,0.26020642190087867,0.7849280082846534,51.083333333333336,154.66666666666666
19521006,time,dev,revive,109.91666666666667,60.666666666666664,0.6332442461431268,0.35137509751463686,0.4514937225654398,0.28797533187108404,1.0820944241488335,0.7024287951429682,0.2975712048570319,2222.5833333333335,661.8333333333334,0.7436855738076469,0.5272244190244153,51.083333333333336,36.25
19521006,time,test,standard,108.84615384615384,27.692307692307693,0.6994438801146453,0.17506666519052907,0.27821154501615597,0.2037714436307598,0.9775294652908928,0.7239333717261525,0.27606662827384754,1095.923076923077,303.3076923076923,0.25406153325074576,0.7421917396589889,52.15384615384615,153.46153846153845
19521006,time,test,revive,108.84615384615384,59.92307692307692,0.6391040652695389,0.3529258995429056,0.45414373243895806,0.2880654611862275,1.0685353682453242,0.7066291634084609,0.2933708365915392,2204.5384615384614,646.9230769230769,0.7185631929012088,0.505969014527219,52.15384615384615,37.15384615384615
19521006,motion,dev,standard,109.91666666666667,26.916666666666668,0.7069383913295627,0.1752959820372757,0.28031674490522684,0.1810936939276363,0.9774628324204112,0.7306848485284827,0.2693151514715174,1094.1666666666667,294.0,0.26065344734928503,0.7849280082846534,51.083333333333336,154.41666666666666
19521006,motion,dev,revive,109.91666666666667,60.666666666666664,0.6319001601216215,0.35058144672098607,0.4504957185734238,0.2875842088669877,1.0843966485554157,0.7022917286992962,0.2977082713007037,2222.4166666666665,662.0833333333334,0.7436855738076469,0.5272244190244153,51.083333333333336,36.25
19521006,motion,test,standard,108.84615384615384,27.76923076923077,0.6979260492864696,0.1751055414086506,0.2781189184529412,0.20360261701097923,0.9781653529054298,0.7241792534322955,0.27582074656770456,1101.0,304.61538461538464,0.25406712704090495,0.7392848426344447,52.15384615384615,152.92307692307693
19521006,motion,test,revive,108.84615384615384,59.92307692307692,0.6391040652695389,0.3529258995429056,0.45414373243895806,0.2882318958530556,1.0691984982187992,0.7065029380286268,0.2934970619713733,2205.3846153846152,647.4615384615385,0.7202438651701164,0.505969014527219,52.15384615384615,37.07692307692308
19521006,state,dev,standard,109.91666666666667,14.083333333333334,0.6396498449807274,0.08269002355248824,0.14548276384393208,0.17208935723160523,0.9959455543261647,0.7476420642010727,0.25235793579892724,603.0833333333334,153.91666666666666,0.21527045184475657,0.8647436858302258,51.083333333333336,206.58333333333334
19521006,state,dev,revive,109.91666666666667,48.666666666666664,0.6081405212178127,0.2697461436519588,0.37340174814601795,0.2529969573713539,1.0878938028719678,0.7274969024356962,0.2725030975643038,1898.0833333333333,517.75,0.447179382657749,0.6005545819896955,51.083333333333336,69.5
19521006,state,test,standard,108.84615384615384,14.846153846153847,0.7050075952731346,0.09413435273011933,0.1641768355895357,0.20220445432393058,0.9881751143943703,0.7260578324138062,0.2739421675861938,630.4615384615385,173.15384615384616,0.21742400746114685,0.841615749874324,52.15384615384615,202.76923076923077
19521006,state,test,revive,108.84615384615384,46.07692307692308,0.6546570925730552,0.2766742460045727,0.3882348027735413,0.2370540963383731,1.056525765862189,0.7339261874898791,0.26607381251012074,1837.6923076923076,490.3076923076923,0.4095500967230657,0.5753295518327823,52.15384615384615,74.76923076923077
19521006,rel,dev,standard,109.91666666666667,21.666666666666668,0.6893875716754524,0.13524826970295853,0.22556545128752817,0.17356791005758643,0.9860433603709627,0.7441464105679648,0.25585358943203507,879.0833333333334,225.58333333333334,0.2386341775955982,0.8241409914168095,51.083333333333336,177.25
19521006,rel,dev,revive,109.91666666666667,56.916666666666664,0.6374659510337649,0.33193128672963046,0.43630333242961433,0.2697535029494062,1.0787784322162761,0.7099440071444675,0.29005599285553246,2122.8333333333335,616.0833333333334,0.6028897960764344,0.5490000251692165,51.083333333333336,46.333333333333336
19521006,rel,test,standard,108.84615384615384,21.53846153846154,0.7180989676846152,0.13865990256340843,0.23029095461475788,0.20694091581577462,0.979646879758894,0.7279906195483269,0.27200938045167306,886.8461538461538,243.0,0.23689921470139047,0.7920742022906635,52.15384615384615,175.53846153846155
19521006,rel,test,revive,108.84615384615384,56.38461538461539,0.654854119819232,0.3390900056213578,0.4462779204168831,0.2763581687135756,1.0467671664594744,0.7115748073730336,0.28842519262696636,2103.076923076923,607.2307692307693,0.5850798011346419,0.5238717603512053,52.15384615384615,47.53846153846154
19521006,src,dev,standard,109.91666666666667,7.666666666666667,0.6276751026751027,0.041824381083949314,0.0773374713605582,0.16322379715646848,1.0032737482082659,0.7529754943728775,0.2470245056271226,384.5833333333333,99.16666666666667,0.204475241366595,0.9155924976248763,51.083333333333336,229.75
19521006,src,dev,revive,109.91666666666667,41.833333333333336,0.6420067676506647,0.24590224970526361,0.3549456446906276,0.2225495713752894,1.0650968544385049,0.7330284440142588,0.2669715559857411,1717.75,459.75,0.3740676946574697,0.6438117677140786,51.083333333333336,88.08333333333333
19521006,src,test,standard,108.84615384615384,8.615384615384615,0.7351413543721237,0.05653749716864546,0.10367716911482962,0.15606898019263238,0.9890109521291014,0.7595176706780555,0.2404823293219444,397.84615384615387,97.92307692307692,0.20794267792248095,0.9034220934162289,52.15384615384615,227.23076923076923
19521006,src,test,revive,108.84615384615384,42.23076923076923,0.6675951600323559,0.258510558728176,0.37090544168012,0.21624985764648413,1.0288996102204346,0.7331909087455544,0.2668090912544456,1691.1538461538462,452.9230769230769,0.3561047076212549,0.6036188989620048,52.15384615384615,90.07692307692308
19521007,__none__,dev,standard,109.91666666666667,14.75,0.7047508756293587,0.09808388731098727,0.17050970648784322,0.17691835770351558,0.9757214872218473,0.7490947276411964,0.25090527235880367,659.75,169.91666666666666,0.2232610936028556,0.8696905353118498,51.083333333333336,200.5
19521007,__none__,dev,revive,109.91666666666667,50.333333333333336,0.6383830562501195,0.2929579742956243,0.4009906864850625,0.26660542039033663,1.0948637398663896,0.7124508550117641,0.28754914498823575,2006.25,577.5833333333334,0.506686508841678,0.5713458499547802,51.083333333333336,58.5
19521007,__none__,test,standard,108.84615384615384,15.692307692307692,0.6833750666258407,0.10488085518031937,0.17996811300704618,0.13953914963343825,0.9505714524843536,0.7582752850290718,0.24172471497092818,655.3846153846154,163.0,0.2176524019784431,0.8305523474839464,52.15384615384615,199.92307692307693
19521007,__none__,test,revive,108.84615384615384,51.30769230769231,0.6506354332120631,0.30718233120576194,0.4156204873340147,0.25164968607510085,1.044054154595059,0.7276971668754781,0.2723028331245219,1979.2307692307693,540.6923076923077,0.4987829187069337,0.5531904023011168,52.15384615384615,60.23076923076923
19521007,time,dev,standard,109.91666666666667,14.75,0.7047508756293587,0.09808388731098727,0.17050970648784322,0.17691835770351558,0.9757214872218473,0.7490947276411964,0.25090527235880367,659.75,169.91666666666666,0.2232610936028556,0.8696905353118498,51.083333333333336,200.5
19521007,time,dev,revive,109.91666666666667,50.333333333333336,0.6383830562501195,0.2929579742956243,0.4009906864850625,0.26660542039033663,1.0948637398663896,0.7124508550117641,0.28754914498823575,2006.25,577.5833333333334,0.506686508841678,0.5713458499547802,51.083333333333336,58.5
19521007,time,test,standard,108.84615384615384,15.692307692307692,0.6833750666258407,0.10488085518031937,0.17996811300704618,0.13953914963343825,0.9505714524843536,0.7582752850290718,0.24172471497092818,655.3846153846154,163.0,0.2176524019784431,0.8305523474839464,52.15384615384615,199.92307692307693
19521007,time,test,revive,108.84615384615384,51.30769230769231,0.6506354332120631,0.30718233120576194,0.4156204873340147,0.25164968607510085,1.044054154595059,0.7276971668754781,0.2723028331245219,1979.2307692307693,540.6923076923077,0.4987829187069337,0.5531904023011168,52.15384615384615,60.23076923076923
19521007,motion,dev,standard,109.91666666666667,14.75,0.7047508756293587,0.09808388731098727,0.17050970648784322,0.17877020955536738,0.9764860132157311,0.749218717126888,0.250781282873112,660.5833333333334,170.08333333333334,0.22336022127930286,0.8696905353118498,51.083333333333336,200.41666666666666
19521007,motion,dev,revive,109.91666666666667,50.333333333333336,0.6382682425941607,0.29293749592078816,0.4009771674128017,0.2669197247545863,1.0963458764180907,0.712579650182053,0.28742034981794684,2007.6666666666667,577.6666666666666,0.5073859867964624,0.5713458499547802,51.083333333333336,58.333333333333336
19521007,motion,test,standard,108.84615384615384,15.846153846153847,0.6835781064216406,0.10558015587962008,0.1810677241138028,0.1402528652792806,0.9512966532095544,0.758629355702414,0.2413706442975861,658.3076923076923,163.46153846153845,0.2180243385951539,0.8305523474839464,52.15384615384615,199.6153846153846
19521007,motion,test,revive,108.84615384615384,51.38461538461539,0.6496597845981916,0.30712902471941317,0.4153118200416043,0.2532395583469666,1.0469232849368997,0.7273574297195046,0.2726425702804955,1981.3846153846155,542.0,0.5008500272256552,0.5531904023011168,52.15384615384615,60.0
19521007,state,dev,standard,109.91666666666667,4.916666666666667,0.7276785714285715,0.03338726107946494,0.06355288898385415,0.17485608904461206,0.9902559359439814,0.7684990797703563,0.23150092022964375,256.25,59.5,0.20186510159483603,0.959121661526018,51.083333333333336,243.41666666666666
19521007,state,dev,revive,109.91666666666667,32.75,0.6271937593812044,0.18946719008030818,0.2896976743754682,0.21613781377778443,1.051161938808114,0.7386074801998483,0.2613925198001517,1435.6666666666667,378.1666666666667,0.29725856747285256,0.6762381335595622,51.083333333333336,118.0
19521007,state,test,standard,108.84615384615384,4.6923076923076925,0.7148962148962149,0.032976738678902086,0.06234399544008476,0.09257925998486641,0.9798686361690175,0.8024118533013712,0.19758814669862892,230.0,48.69230769230769,0.1999520034728325,0.9387990134176859,52.15384615384615,245.07692307692307
19521007,state,test,revive,108.84615384615384,32.69230769230769,0.6755438986416601,0.20517790995095486,0.3112809122735855,0.18162367704460267,1.0050518651650233,0.7590795128188421,0.24092048718115783,1392.8461538461538,339.0,0.2957278213672044,0.6654616617809802,52.15384615384615,121.3076923076923
19521007,rel,dev,standard,109.91666666666667,9.166666666666666,0.6679834054834055,0.05922672721603022,0.10827222439043298,0.18129818498381034,0.9833662244039525,0.7409042460932916,0.2590957539067083,453.6666666666667,121.25,0.20792813668846086,0.9018083220897242,51.083333333333336,222.41666666666666
19521007,rel,dev,revive,109.91666666666667,46.416666666666664,0.610190649527723,0.25960139557497003,0.36345882375437927,0.256791304792561,1.0891767468676277,0.7150486365426575,0.28495136345734257,1867.75,533.3333333333334,0.4156048935265753,0.5857321220074609,51.083333333333336,72.91666666666667
19521007,rel,test,standard,108.84615384615384,10.538461538461538,0.6960164835164834,0.07051380181934505,0.12602861485931235,0.14102413399563687,0.9629273949029813,0.7605593653050889,0.23944063469491111,455.7692307692308,114.6923076923077,0.2067225057229422,0.8749636010928027,52.15384615384615,221.15384615384616
19521007,rel,test,revive,108.84615384615384,46.38461538461539,0.6328382014092799,0.2696224222465285,0.3752217416882574,0.23522298463838207,1.0498947686705797,0.7336401862814348,0.2663598137185652,1845.3846153846155,493.9230769230769,0.4273705973012035,0.5775492267090956,52.15384615384615,74.15384615384616
19521007,src,dev,standard,109.91666666666667,1.25,0.5277777777777778,0.008161838906509058,0.016049833077552103,0.12966570466570468,0.9973433789256793,0.8150512764570834,0.1849487235429166,89.33333333333333,18.583333333333332,0.19285283996210104,0.9841061531075169,51.083333333333336,261.25
19521007,src,dev,revive,109.91666666666667,20.0,0.6597709884174189,0.12231957400523523,0.20431969400142072,0.1550248601999308,1.0200441937589624,0.7618704407950827,0.2381295592049173,976.5833333333334,237.83333333333334,0.2481686485402821,0.7978393131131593,51.083333333333336,166.25
19521007,src,test,standard,108.84615384615384,0.46153846153846156,0.23076923076923078,0.002891098895997762,0.00569935700370483,0.028846153846153848,1.001443573868594,0.8903828279129795,0.10961717208702057,70.6923076923077,8.923076923076923,0.1952286707282854,0.98022226943901,52.15384615384615,262.0769230769231
19521007,src,test,revive,108.84615384615384,18.76923076923077,0.6865995325271345,0.12011804589944339,0.2008335553221487,0.13396115225185765,1.0030196083334884,0.7710165864249439,0.2289834135750561,930.8461538461538,221.3846153846154,0.23623984104516882,0.7578465186922004,52.15384615384615,170.0
19521008,__none__,dev,standard,109.91666666666667,34.25,0.708849348481769,0.22053125326237857,0.33536599913146525,0.185840269620798,0.9982048553122221,0.7466324938963679,0.25336750610363207,1463.25,371.25,0.30174141504642843,0.6770759268108341,51.083333333333336,114.83333333333333
19521008,__none__,dev,revive,109.91666666666667,59.833333333333336,0.6750112032950114,0.36727393019086324,0.4753689606884171,0.2661038593378449,1.1042065104511274,0.7175280452965153,0.2824719547034846,2283.0833333333335,645.0,0.8633445209571463,0.4989769002415509,51.083333333333336,29.333333333333332
19521008,__none__,test,standard,108.84615384615384,32.69230769230769,0.7032367260649754,0.21158097075086088,0.3240475463398107,0.17300658520152695,0.9782856353844593,0.7567045460017362,0.24329545399826388,1376.0,335.3076923076923,0.2888643842709971,0.6718429028882251,52.15384615384615,123.07692307692308
19521008,__none__,test,revive,108.84615384615384,63.61538461538461,0.6562310987418645,0.3856383696827592,0.485210442501887,0.2481112725421774,1.0488616109644338,0.7290996832469985,0.2709003167530014,2263.3846153846152,613.2307692307693,0.8478809690503238,0.4944224654483772,52.15384615384615,30.53846153846154
19521008,time,dev,standard,109.91666666666667,34.25,0.708849348481769,0.22053125326237857,0.33536599913146525,0.185840269620798,0.9982048553122221,0.7466324938963679,0.25336750610363207,1463.25,371.25,0.30174141504642843,0.6770759268108341,51.083333333333336,114.83333333333333
19521008,time,dev,revive,109.91666666666667,59.833333333333336,0.6750112032950114,0.36727393019086324,0.4753689606884171,0.2661038593378449,1.1042065104511274,0.7175280452965153,0.2824719547034846,2283.0833333333335,645.0,0.8633445209571463,0.4989769002415509,51.083333333333336,29.333333333333332
19521008,time,test,standard,108.84615384615384,32.69230769230769,0.7032367260649754,0.21158097075086088,0.3240475463398107,0.17300658520152695,0.9782856353844593,0.7567045460017362,0.24329545399826388,1376.0,335.3076923076923,0.2888643842709971,0.6718429028882251,52.15384615384615,123.07692307692308
19521008,time,test,revive,108.84615384615384,63.61538461538461,0.6562310987418645,0.3856383696827592,0.485210442501887,0.2481112725421774,1.0488616109644338,0.7290996832469985,0.2709003167530014,2263.3846153846152,613.2307692307693,0.8478809690503238,0.4944224654483772,52.15384615384615,30.53846153846154
19521008,motion,dev,standard,109.91666666666667,34.416666666666664,0.7081413819843289,0.22133253531366062,0.3361520306746766,0.1865779667177184,0.9973811074090349,0.7465375051502231,0.2534624948497769,1465.6666666666667,372.0,0.30175075719644756,0.6756139385067405,51.083333333333336,114.58333333333333
19521008,motion,dev,revive,109.91666666666667,60.083333333333336,0.6746434383439133,0.3688259629928961,0.4766219975504931,0.2673455424234615,1.1026544776490945,0.7172622309832288,0.2827377690167712,2283.0833333333335,645.5833333333334,0.8633445209571463,0.4989769002415509,51.083333333333336,29.333333333333332
19521008,motion,test,standard,108.84615384615384,32.76923076923077,0.699247544185327,0.21085528134592624,0.3228478863729555,0.17242108185210847,0.9804117780269872,0.7569560333764271,0.2430439666235728,1380.2307692307693,335.9230769230769,0.29005200417893706,0.6718429028882251,52.15384615384615,122.61538461538461
19521008,motion,test,revive,108.84615384615384,63.53846153846154,0.6546963354282551,0.3841869908728899,0.4836492242224025,0.247876864418682,1.0517316798722385,0.7292123040144595,0.2707876959855404,2264.0,613.1538461538462,0.8497749084442633,0.4944224654483772,52.15384615384615,30.46153846153846
19521008,state,dev,standard,109.91666666666667,17.416666666666668,0.6765286424245404,0.10768988083646225,0.18525840252174222,0.1494367390730099,1.0068251007307614,0.7657683846053353,0.23423161539466483,843.5,196.66666666666666,0.22814564768371795,0.806177482494654,51.083333333333336,180.41666666666666
19521008,state,dev,revive,109.91666666666667,56.916666666666664,0.6569410091174174,0.3400766622933229,0.44771489551749005,0.24785493233068667,1.1110233805679548,0.7306630958935637,0.2693369041064362,2168.9166666666665,584.5833333333334,0.6599015271052441,0.5241895939798785,51.083333333333336,41.0
19521008,state,test,standard,108.84615384615384,16.076923076923077,0.6801438945669716,0.10001539235376934,0.172535805158073,0.13546272695302133,0.9827876687741317,0.7827495654660359,0.21725043453396398,755.0,166.84615384615384,0.21971293422565144,0.7876319963815971,52.15384615384615,188.92307692307693
19521008,state,test,revive,108.84615384615384,57.07692307692308,0.6473698467794358,0.3400173517110384,0.44524113277189387,0.23639974186676876,1.0765951822021256,0.7389678454569226,0.2610321545430774,2119.0,553.6153846153846,0.6256125387567978,0.5219476188468607,52.15384615384615,45.15384615384615
19521008,rel,dev,standard,109.91666666666667,27.083333333333332,0.6936501280282567,0.17047476292623895,0.2731299472930283,0.16685565526296553,0.9907680018967309,0.7529446867865297,0.24705531321347032,1172.25,289.75,0.2580718460660419,0.7348701178695283,51.083333333333336,145.58333333333334
19521008,rel,dev,revive,109.91666666666667,60.166666666666664,0.6641019658132566,0.3633765544972553,0.4695161881690742,0.26331138740809173,1.1087860112498487,0.721842592359118,0.27815740764088204,2256.5,627.9166666666666,0.800725850023993,0.504065431755521,51.083333333333336,32.0
19521008,rel,test,standard,108.84615384615384,25.076923076923077,0.6991121733477053,0.1630623797705386,0.2626569541176321,0.15224439250895327,0.9874184776025582,0.7582679966119165,0.24173200338808348,1106.0,268.7692307692308,0.25181896249248115,0.7208628220887816,52.15384615384615,151.6153846153846
19521008,rel,test,revive,108.84615384615384,59.76923076923077,0.641135876794361,0.3530738501329767,0.4550926878275666,0.2538681273533266,1.0946006662452334,0.7300513922132497,0.26994860778675045,2217.923076923077,598.8461538461538,0.7565945566824861,0.5002936831794332,52.15384615384615,35.07692307692308
19521008,src,dev,standard,109.91666666666667,9.25,0.6569715007215007,0.05774367441549422,0.10539689550625679,0.12492419002544049,0.9931236155180612,0.7754440820720135,0.22455591792798638,483.5833333333333,108.91666666666667,0.20643691775768894,0.8824554006774262,51.083333333333336,218.83333333333334
19521008,src,dev,revive,109.91666666666667,50.666666666666664,0.652364829142798,0.3005602729532213,0.41064905900197796,0.22907136017314714,1.0964997906024812,0.7400213424762812,0.2599786575237187,1993.75,518.8333333333334,0.4944615231533828,0.5624414524666994,51.083333333333336,59.0
19521008,src,test,standard,108.84615384615384,7.615384615384615,0.7595620317339774,0.0517064324039169,0.09495292387600972,0.10748197334368298,0.9806456507080156,0.7994285498449004,0.20057145015509953,391.9230769230769,82.0,0.20584951035734236,0.892806027856821,52.15384615384615,227.69230769230768
19521008,src,test,revive,108.84615384615384,47.07692307692308,0.6466558319445692,0.28047416500003325,0.38996990892457384,0.20540541935702505,1.0754549806180846,0.7499718112427995,0.25002818875720045,1901.076923076923,476.6923076923077,0.4529369952137049,0.558725226073181,52.15384615384615,67.46153846153847
19521009,__none__,dev,standard,109.91666666666667,29.25,0.7605107819921559,0.20098531620371055,0.3164404383681908,0.1554437797350847,0.9712986916747542,0.7561219745531528,0.24387802544684725,1242.75,302.4166666666667,0.26966900683415307,0.7290726281038459,51.083333333333336,138.0
19521009,__none__,dev,revive,109.91666666666667,61.0,0.7000787538022814,0.38785607407599904,0.49832171028556754,0.23230172995362638,1.0874440239142549,0.7284398090518894,0.2715601909481107,2291.0,622.25,0.9065782780094979,0.5013781790541705,51.083333333333336,28.0
19521009,__none__,test,standard,108.84615384615384,26.53846153846154,0.7384716518337208,0.17912678398902443,0.28647325570855303,0.15071060822601728,0.9607574094098283,0.7683067994084468,0.2316932005915532,1140.6923076923076,266.38461538461536,0.2664891900586593,0.7476370403254722,52.15384615384615,147.76923076923077
19521009,__none__,test,revive,108.84615384615384,63.38461538461539,0.6732095149345801,0.3922735789341309,0.4955431936758128,0.24815126159943723,1.071461447927719,0.7311614402606847,0.26883855973931536,2263.6923076923076,608.8461538461538,0.8577539776393205,0.49526726129872245,52.15384615384615,30.23076923076923
19521009,time,dev,standard,109.91666666666667,29.25,0.7605107819921559,0.20098531620371055,0.3164404383681908,0.1554437797350847,0.9712986916747542,0.7561219745531528,0.24387802544684725,1242.75,302.4166666666667,0.26966900683415307,0.7290726281038459,51.083333333333336,138.0
19521009,time,dev,revive,109.91666666666667,61.0,0.7000787538022814,0.38785607407599904,0.49832171028556754,0.23230172995362638,1.0874440239142549,0.7284398090518894,0.2715601909481107,2291.0,622.25,0.9065782780094979,0.5013781790541705,51.083333333333336,28.0
19521009,time,test,standard,108.84615384615384,26.53846153846154,0.7384716518337208,0.17912678398902443,0.28647325570855303,0.15071060822601728,0.9607574094098283,0.7683067994084468,0.2316932005915532,1140.6923076923076,266.38461538461536,0.2664891900586593,0.7476370403254722,52.15384615384615,147.76923076923077
19521009,time,test,revive,108.84615384615384,63.38461538461539,0.6732095149345801,0.3922735789341309,0.4955431936758128,0.24815126159943723,1.071461447927719,0.7311614402606847,0.26883855973931536,2263.6923076923076,608.8461538461538,0.8577539776393205,0.49526726129872245,52.15384615384615,30.23076923076923
19521009,motion,dev,standard,109.91666666666667,29.333333333333332,0.7584594999408738,0.20098531620371055,0.3162838519520624,0.15497504297904757,0.9720999737260363,0.7565054898777314,0.24349451012226883,1247.4166666666667,303.0833333333333,0.269934759163794,0.7275845328657505,51.083333333333336,137.5
19521009,motion,dev,revive,109.91666666666667,61.0,0.7000787538022814,0.38785607407599904,0.49832171028556754,0.23216307960297514,1.0881947746650056,0.7285318008097308,0.2714681991902693,2291.75,622.25,0.9092465867122893,0.5013781790541705,51.083333333333336,27.916666666666668
19521009,motion,test,standard,108.84615384615384,26.53846153846154,0.7384716518337208,0.17912678398902443,0.28647325570855303,0.15075371813754826,0.960038502148865,0.7677672309987997,0.23223276900120016,1141.4615384615386,267.2307692307692,0.2666255001087624,0.7476370403254722,52.15384615384615,147.69230769230768
19521009,motion,test,revive,108.84615384615384,63.46153846153846,0.6736441085895127,0.3929924861950942,0.4962479935293032,0.2477109148263534,1.069304726144829,0.7310278067339462,0.2689721932660539,2263.769230769231,609.1538461538462,0.8577539776393205,0.49526726129872245,52.15384615384615,30.23076923076923
19521009,state,dev,standard,109.91666666666667,11.666666666666666,0.7696721954945639,0.08281128776328553,0.14855813452904923,0.11155898812178418,0.9849558181059203,0.7964113124350463,0.20358868756495355,629.6666666666666,129.41666666666666,0.21671248329689574,0.8625330900943649,51.083333333333336,203.0
19521009,state,dev,revive,109.91666666666667,57.0,0.682226071362854,0.3520615843205097,0.46363594576437994,0.21922095207966355,1.1013452719740073,0.7364406975124208,0.26355930248757914,2180.1666666666665,574.75,0.6874630749967453,0.5276455726410577,51.083333333333336,39.25
19521009,state,test,standard,108.84615384615384,11.76923076923077,0.793588569550108,0.08592134148412149,0.15371852902432834,0.0798068846376487,0.9585891850886341,0.813330196995058,0.186669803004942,560.8461538461538,106.92307692307692,0.2107397891794675,0.843875205342419,52.15384615384615,209.3846153846154
19521009,state,test,revive,108.84615384615384,57.23076923076923,0.6903818975240964,0.3635464233287452,0.4758407055414065,0.225043032689795,1.0598055032498004,0.7462332963245168,0.25376670367548326,2126.0,540.3076923076923,0.6329698220964222,0.52896754360483,52.15384615384615,44.15384615384615
19521009,rel,dev,standard,109.91666666666667,21.833333333333332,0.7981822242658155,0.15905855642156844,0.2641881674640212,0.1221528282983707,0.9511936286035825,0.7664762766726021,0.2335237233273979,973.5833333333334,227.58333333333334,0.23897376110322432,0.7796124921294463,51.083333333333336,166.41666666666666
19521009,rel,dev,revive,109.91666666666667,58.833333333333336,0.7114257592837095,0.3803194914143037,0.4949430335171576,0.22629417582174596,1.0873520005478814,0.729980548879643,0.27001945112035686,2248.5,607.4166666666666,0.8078615819916712,0.5123500737929273,51.083333333333336,32.25
19521009,rel,test,standard,108.84615384615384,20.153846153846153,0.7233755892062994,0.13269970939213763,0.22236649998967598,0.1287837902698827,0.9598051232350581,0.7825883594630084,0.2174116405369917,883.3076923076923,195.46153846153845,0.2369702185558255,0.7893624526563248,52.15384615384615,175.07692307692307
19521009,rel,test,revive,108.84615384615384,61.92307692307692,0.66983399450778,0.3809471451425841,0.4853974803503437,0.24224486765705436,1.0744058769872105,0.7349736673021808,0.2650263326978191,2227.6153846153848,591.0,0.7881541940915938,0.5068716413121988,52.15384615384615,33.84615384615385
19521009,src,dev,standard,109.91666666666667,5.666666666666667,0.747850529100529,0.03859791143075527,0.07313361162059592,0.10699971650232541,0.9846352491364585,0.7954220814515383,0.20457791854846172,339.75,69.66666666666667,0.20017294839425484,0.9181888259127313,51.083333333333336,234.16666666666666
19521009,src,dev,revive,109.91666666666667,50.916666666666664,0.6796918870111313,0.31328061063201296,0.4273224539460159,0.20506615185101637,1.100356015450527,0.7438334519334893,0.2561665480665107,2016.25,516.75,0.5188558855849511,0.5712035001844084,51.083333333333336,56.166666666666664
19521009,src,test,standard,108.84615384615384,5.846153846153846,0.9112276612276613,0.048144247240078666,0.0909191070727952,0.05217111481293906,0.9723526096607655,0.8239313696763306,0.17606863032366943,305.0,55.69230769230769,0.19989700216809803,0.9058635390665685,52.15384615384615,236.84615384615384
19521009,src,test,revive,108.84615384615384,50.76923076923077,0.7020951428455037,0.3279896191125707,0.4465570594317997,0.20276169397443541,1.030522998705608,0.75540394372713,0.2445960562728701,1934.0,475.15384615384613,0.47358983566022084,0.5671100657671835,52.15384615384615,64.0
19521010,__none__,dev,standard,109.91666666666667,23.666666666666668,0.626754033004033,0.13462615794627553,0.22069577588464284,0.23874038363903294,1.0067868370800686,0.685335980346709,0.314664019653291,1009.0,317.6666666666667,0.2427722786158741,0.7793341441662611,51.083333333333336,163.75
19521010,__none__,dev,revive,109.91666666666667,56.583333333333336,0.5888156955021209,0.3026128865903462,0.3994578389318377,0.3035308892798622,1.1604661119927457,0.6788869306399783,0.32111306936002176,2192.3333333333335,704.0,0.6852662377219855,0.5250932423603992,51.083333333333336,39.583333333333336
19521010,__none__,test,standard,108.84615384615384,21.923076923076923,0.6337927108720953,0.12717853901727022,0.21062548125559502,0.23042847242772602,1.0256609114759425,0.713092614419221,0.28690738558077905,955.6923076923077,276.7692307692308,0.2511109581204914,0.8040110368853532,52.15384615384615,168.15384615384616
19521010,__none__,test,revive,108.84615384615384,55.0,0.5657352956175454,0.2873942078250568,0.3805836368183995,0.3078873419123385,1.1859356465572666,0.7003710087148733,0.2996289912851267,2157.0,646.7692307692307,0.6604784246122123,0.5237976194423334,52.15384615384615,42.15384615384615
19521010,time,dev,standard,109.91666666666667,23.666666666666668,0.626754033004033,0.13462615794627553,0.22069577588464284,0.23874038363903294,1.0067868370800686,0.685335980346709,0.314664019653291,1009.0,317.6666666666667,0.2427722786158741,0.7793341441662611,51.083333333333336,163.75
19521010,time,dev,revive,109.91666666666667,56.583333333333336,0.5888156955021209,0.3026128865903462,0.3994578389318377,0.3035308892798622,1.1604661119927457,0.6788869306399783,0.32111306936002176,2192.3333333333335,704.0,0.6852662377219855,0.5250932423603992,51.083333333333336,39.583333333333336
19521010,time,test,standard,108.84615384615384,21.923076923076923,0.6337927108720953,0.12717853901727022,0.21062548125559502,0.23042847242772602,1.0256609114759425,0.713092614419221,0.28690738558077905,955.6923076923077,276.7692307692308,0.2511109581204914,0.8040110368853532,52.15384615384615,168.15384615384616
19521010,time,test,revive,108.84615384615384,55.0,0.5657352956175454,0.2873942078250568,0.3805836368183995,0.3078873419123385,1.1859356465572666,0.7003710087148733,0.2996289912851267,2157.0,646.7692307692307,0.6604784246122123,0.5237976194423334,52.15384615384615,42.15384615384615
19521010,motion,dev,standard,109.91666666666667,23.666666666666668,0.6299591612091612,0.13541980873992632,0.2219680405156861,0.2385799495656077,1.0059661234193775,0.68480963191722,0.3151903680827799,1010.5833333333334,318.6666666666667,0.24301630286838907,0.7793341441662611,51.083333333333336,163.58333333333334
19521010,motion,dev,revive,109.91666666666667,56.666666666666664,0.5894976570328075,0.3034189797259848,0.40031444869450045,0.30504178755288425,1.1611430559062412,0.678514378282645,0.32148562171735506,2194.0833333333335,705.3333333333334,0.689904833369353,0.5250932423603992,51.083333333333336,39.416666666666664
19521010,motion,test,standard,108.84615384615384,22.0,0.6344751862914131,0.12787783971657093,0.21165418623752952,0.23097633921597538,1.0235366206724064,0.7137624389376878,0.28623756106231224,955.8461538461538,276.15384615384613,0.25112932025262996,0.8040110368853532,52.15384615384615,168.15384615384616
19521010,motion,test,revive,108.84615384615384,55.07692307692308,0.5675043113454066,0.28882538543547975,0.38223038255201275,0.30910811022444507,1.1851551114078307,0.7007745824429477,0.2992254175570523,2159.3076923076924,646.6153846153846,0.6641329620995022,0.5237976194423334,52.15384615384615,41.92307692307692
19521010,state,dev,standard,109.91666666666667,9.75,0.6593823208954787,0.05579575868646946,0.10193614181007181,0.1947662746551098,1.0144409446197395,0.7243541318480973,0.2756458681519028,518.0833333333334,146.08333333333334,0.21324862911033135,0.899700365219494,51.083333333333336,215.5
19521010,state,dev,revive,109.91666666666667,47.5,0.5649442003699363,0.24372276926066094,0.33925823407256805,0.2883296119739263,1.1341545287602004,0.6937660713770928,0.30623392862290727,1917.9166666666667,587.4166666666666,0.45034469281850775,0.5887045605398473,51.083333333333336,67.91666666666667
19521010,state,test,standard,108.84615384615384,10.615384615384615,0.6737661847955965,0.06561826198814971,0.11790570929449741,0.17736022966812545,0.9989689137388738,0.7422930847606644,0.2577069152393357,490.0,131.53846153846155,0.21770349031930347,0.9025712902469979,52.15384615384615,217.46153846153845
19521010,state,test,revive,108.84615384615384,43.61538461538461,0.5837368377674774,0.23475918678276872,0.3341397570814989,0.2784139617364439,1.1498446216984517,0.7078406862065496,0.2921593137934505,1842.2307692307693,540.6923076923077,0.42286572212179,0.5891211772576385,52.15384615384615,74.53846153846153
19521010,rel,dev,standard,109.91666666666667,16.5,0.6767178083354555,0.10109690605201992,0.17530787889058605,0.22377742233589157,0.9995599068915273,0.7043713551317289,0.2956286448682712,768.5833333333334,226.33333333333334,0.22956194423636658,0.8499086262798853,51.083333333333336,188.91666666666666
19521010,rel,dev,revive,109.91666666666667,54.666666666666664,0.5953346245928011,0.29543678515637095,0.3946222539005077,0.30570002025725024,1.1458936607066321,0.6832538354575367,0.3167461645424633,2130.9166666666665,674.8333333333334,0.6043137662002992,0.5365856148584108,51.083333333333336,45.916666666666664
19521010,rel,test,standard,108.84615384615384,16.384615384615383,0.637538743307974,0.09479680829129852,0.16315698900683115,0.19079277939319478,1.0152073306716403,0.7255447817731832,0.27445521822681684,738.6153846153846,206.46153846153845,0.23444952623800436,0.8519676455126481,52.15384615384615,191.07692307692307
19521010,rel,test,revive,108.84615384615384,51.30769230769231,0.5711137767890566,0.2705398136002216,0.36648667143009284,0.2977420265180347,1.1790864307752,0.6987774243514129,0.3012225756485872,2076.6923076923076,626.3076923076923,0.5712746373058138,0.5356478162614955,52.15384615384615,50.38461538461539
19521010,src,dev,standard,109.91666666666667,5.25,0.6450396825396826,0.03239584152416411,0.06076415034301388,0.17533046860625714,1.0010120328367058,0.7213896302316312,0.278610369768369,301.25,85.25,0.2037180979927938,0.9499646804870342,51.083333333333336,238.58333333333334
19521010,src,dev,revive,109.91666666666667,38.666666666666664,0.5637223510185466,0.1980537745637034,0.29153536113630013,0.26894897818346947,1.1140770096716714,0.7010547950385364,0.29894520496146354,1634.0,487.4166666666667,0.34426489354821,0.647864709066058,51.083333333333336,97.5
19521010,src,test,standard,108.84615384615384,5.230769230769231,0.6721189067342913,0.032895528063205934,0.061692735308112034,0.15851707681991775,1.0045981462109692,0.7208305708529459,0.279169429147054,299.2307692307692,84.0,0.20904493205792904,0.948232476287621,52.15384615384615,237.69230769230768
19521010,src,test,revive,108.84615384615384,36.07692307692308,0.5974355199649852,0.19915577847015992,0.29707671434263383,0.2586972191461015,1.1059683732941368,0.7141908621500666,0.2858091378499335,1580.8461538461538,455.0,0.34404299590449194,0.6549809184229672,52.15384615384615,101.84615384615384
