analysis,variant,split,metric,mean_delta_vs_m3_full,sign,sign_consistent,t_df4,p_two_tailed,p_holm,denominator_key,denominator_mean_variant,denominator_mean_m3_full,amb160_mean_delta,amb160_sign_consistent,seed19521006,seed19521007,seed19521008,seed19521009,seed19521010
primary,no_motion,dev,precision,+0.0643,+,YES,3.00,0.0398,0.1988,n_pred_matches,18.4,25.8,+0.0038,no,+0.0369,+0.1102,+0.0399,+0.0139,+0.1205
primary,no_time,dev,precision,-0.0053,-,no,-0.22,0.8388,1.0000,n_pred_matches,21.2,25.8,+0.0123,no,+0.0084,-0.0384,-0.0547,-0.0244,+0.0827
primary,no_state,dev,precision,-0.0024,-,no,-0.09,0.9358,1.0000,n_pred_matches,21.7,25.8,+0.0305,YES,-0.0541,-0.0221,-0.0233,-0.0166,+0.1042
primary,no_rel,dev,precision,+0.0112,+,no,0.40,0.7101,1.0000,n_pred_matches,16.1,25.8,+0.0167,no,-0.0250,-0.0142,+0.1149,-0.0416,+0.0217
primary,no_src,dev,precision,+0.0039,+,no,0.17,0.8753,1.0000,n_pred_matches,21.5,25.8,+0.0148,YES,+0.0154,+0.0191,-0.0854,+0.0206,+0.0496
primary,no_motion,dev,recall,-0.0394,-,no,-1.84,0.1390,0.4778,n_gold_matches,109.9,109.9,-0.0088,no,+0.0359,-0.0463,-0.0338,-0.0943,-0.0582
primary,no_time,dev,recall,-0.0313,-,no,-1.19,0.2990,0.5980,n_gold_matches,109.9,109.9,+0.0029,no,-0.0130,+0.0460,-0.0784,-0.0104,-0.1008
primary,no_state,dev,recall,-0.0292,-,no,-1.16,0.3117,0.5980,n_gold_matches,109.9,109.9,-0.0005,no,-0.0408,+0.0412,-0.1032,+0.0106,-0.0540
primary,no_rel,dev,recall,-0.0653,-,no,-2.17,0.0956,0.4778,n_gold_matches,109.9,109.9,-0.0033,no,+0.0118,-0.0322,-0.1702,-0.0690,-0.0667
primary,no_src,dev,recall,-0.0295,-,no,-2.10,0.1036,0.4778,n_gold_matches,109.9,109.9,-0.0074,no,+0.0230,-0.0511,-0.0267,-0.0379,-0.0546
primary,no_motion,dev,f1,-0.0559,-,no,-1.88,0.1337,0.4222,—,n/a,n/a,-0.0062,no,+0.0478,-0.0746,-0.0383,-0.1302,-0.0841
primary,no_time,dev,f1,-0.0456,-,no,-1.18,0.3044,0.6088,—,n/a,n/a,+0.0053,no,-0.0180,+0.0657,-0.1036,-0.0146,-0.1575
primary,no_state,dev,f1,-0.0407,-,no,-1.17,0.3060,0.6088,—,n/a,n/a,+0.0074,no,-0.0590,+0.0600,-0.1376,+0.0118,-0.0785
primary,no_rel,dev,f1,-0.0955,-,no,-2.28,0.0844,0.4222,—,n/a,n/a,+0.0014,no,+0.0120,-0.0543,-0.2429,-0.0944,-0.0980
primary,no_src,dev,f1,-0.0445,-,no,-2.19,0.0936,0.4222,—,n/a,n/a,-0.0018,no,+0.0295,-0.0840,-0.0406,-0.0485,-0.0791
primary,no_motion,dev,wrong_merge_rate,-0.0461,-,no,-2.60,0.0602,0.3008,n_pred_identities,58.3,72.3,+0.0052,no,+0.0020,-0.0440,-0.0393,-0.0407,-0.1085
primary,no_time,dev,wrong_merge_rate,-0.0132,-,no,-0.34,0.7499,1.0000,n_pred_identities,58.7,72.3,+0.0002,no,+0.0158,+0.0625,+0.0090,+0.0095,-0.1630
primary,no_state,dev,wrong_merge_rate,+0.0025,+,no,0.15,0.8910,1.0000,n_pred_identities,64.3,72.3,-0.0121,no,+0.0345,+0.0481,-0.0397,+0.0009,-0.0312
primary,no_rel,dev,wrong_merge_rate,-0.0122,-,no,-0.69,0.5263,1.0000,n_pred_identities,44.2,72.3,+0.0020,no,+0.0493,-0.0076,-0.0593,-0.0181,-0.0254
primary,no_src,dev,wrong_merge_rate,-0.0124,-,no,-0.63,0.5601,1.0000,n_pred_identities,60.1,72.3,-0.0100,no,+0.0320,-0.0321,+0.0278,-0.0168,-0.0729
primary,no_motion,dev,fragmentation_rate,-0.0115,-,no,-1.55,0.1958,0.9789,n_gold_matches,109.9,109.9,+0.0048,no,+0.0080,+0.0036,-0.0259,-0.0153,-0.0279
primary,no_time,dev,fragmentation_rate,-0.0047,-,no,-0.56,0.6064,1.0000,n_gold_matches,109.9,109.9,-0.0076,no,-0.0081,+0.0144,+0.0154,-0.0195,-0.0258
primary,no_state,dev,fragmentation_rate,+0.0073,+,no,0.50,0.6444,1.0000,n_gold_matches,109.9,109.9,-0.0218,no,+0.0487,+0.0017,+0.0330,-0.0212,-0.0257
primary,no_rel,dev,fragmentation_rate,-0.0038,-,no,-0.49,0.6525,1.0000,n_gold_matches,109.9,109.9,-0.0140,no,+0.0239,-0.0018,-0.0243,-0.0084,-0.0086
primary,no_src,dev,fragmentation_rate,+0.0047,+,no,0.36,0.7336,1.0000,n_gold_matches,109.9,109.9,-0.0075,no,+0.0100,+0.0023,+0.0504,-0.0137,-0.0254
primary,no_motion,dev,impossible_transition_rate,-0.0320,-,YES,-2.86,0.0462,0.2308,n_transitions,829.8,1093.3,+0.0055,no,-0.0126,-0.0340,-0.0102,-0.0305,-0.0726
primary,no_time,dev,impossible_transition_rate,-0.0220,-,no,-0.92,0.4077,0.8155,n_transitions,885.8,1093.3,-0.0019,no,-0.0093,+0.0217,-0.0079,+0.0001,-0.1147
primary,no_state,dev,impossible_transition_rate,-0.0133,-,no,-0.86,0.4393,0.8155,n_transitions,949.1,1093.3,-0.0067,YES,+0.0106,+0.0247,-0.0372,-0.0049,-0.0597
primary,no_rel,dev,impossible_transition_rate,-0.0200,-,no,-1.59,0.1864,0.7454,n_transitions,666.3,1093.3,-0.0018,no,+0.0247,-0.0206,-0.0518,-0.0317,-0.0207
primary,no_src,dev,impossible_transition_rate,-0.0191,-,no,-1.50,0.2087,0.7454,n_transitions,900.6,1093.3,-0.0095,no,-0.0079,-0.0119,+0.0137,-0.0261,-0.0635
primary,no_motion,dev,trajectory_consistency_rate,+0.0320,+,YES,2.86,0.0462,0.2308,n_transitions,829.8,1093.3,-0.0055,no,+0.0126,+0.0340,+0.0102,+0.0305,+0.0726
primary,no_time,dev,trajectory_consistency_rate,+0.0220,+,no,0.92,0.4077,0.8155,n_transitions,885.8,1093.3,+0.0019,no,+0.0093,-0.0217,+0.0079,-0.0001,+0.1147
primary,no_state,dev,trajectory_consistency_rate,+0.0133,+,no,0.86,0.4393,0.8155,n_transitions,949.1,1093.3,+0.0067,YES,-0.0106,-0.0247,+0.0372,+0.0049,+0.0597
primary,no_rel,dev,trajectory_consistency_rate,+0.0200,+,no,1.59,0.1864,0.7454,n_transitions,666.3,1093.3,+0.0018,no,-0.0247,+0.0206,+0.0518,+0.0317,+0.0207
primary,no_src,dev,trajectory_consistency_rate,+0.0191,+,no,1.50,0.2087,0.7454,n_transitions,900.6,1093.3,+0.0095,no,+0.0079,+0.0119,-0.0137,+0.0261,+0.0635
primary,no_motion,dev,dangling_precision,-0.0254,-,no,-1.98,0.1189,0.5945,n_pred_dangling,182.1,154.3,-0.0045,no,+0.0204,-0.0172,-0.0433,-0.0526,-0.0345
primary,no_time,dev,dangling_precision,-0.0179,-,no,-1.49,0.2114,0.5945,n_pred_dangling,176.5,154.3,+0.0258,no,-0.0089,+0.0183,-0.0446,-0.0095,-0.0446
primary,no_state,dev,dangling_precision,-0.0196,-,no,-1.70,0.1652,0.5945,n_pred_dangling,169.6,154.3,-0.0460,no,-0.0156,+0.0174,-0.0535,-0.0159,-0.0301
primary,no_rel,dev,dangling_precision,-0.0355,-,no,-1.97,0.1204,0.5945,n_pred_dangling,199.9,154.3,-0.0133,no,+0.0141,-0.0157,-0.0952,-0.0453,-0.0355
primary,no_src,dev,dangling_precision,-0.0147,-,no,-1.85,0.1382,0.5945,n_pred_dangling,174.8,154.3,-0.0401,no,+0.0062,-0.0189,+0.0016,-0.0310,-0.0316
primary,no_motion,dev,dangling_recall,+0.0424,+,no,1.68,0.1676,0.5850,n_gold_dangling,51.1,51.1,-0.0055,no,-0.0541,+0.0579,+0.0443,+0.0813,+0.0825
primary,no_time,dev,dangling_recall,+0.0492,+,no,1.26,0.2758,0.5850,n_gold_dangling,51.1,51.1,+0.0014,no,+0.0087,-0.0596,+0.0860,+0.0373,+0.1735
primary,no_state,dev,dangling_recall,+0.0202,+,no,0.55,0.6103,0.6103,n_gold_dangling,51.1,51.1,+0.0137,no,+0.0051,-0.0634,+0.1125,-0.0510,+0.0980
primary,no_rel,dev,dangling_recall,+0.0890,+,no,1.80,0.1463,0.5850,n_gold_dangling,51.1,51.1,+0.0109,no,-0.0243,+0.0291,+0.2685,+0.0751,+0.0966
primary,no_src,dev,dangling_recall,+0.0375,+,no,2.01,0.1148,0.5741,n_gold_dangling,51.1,51.1,+0.0119,no,-0.0225,+0.0631,+0.0155,+0.0479,+0.0837
primary,no_motion,test,precision,+0.0594,+,YES,4.70,0.0093,0.0467,n_pred_matches,17.8,24.9,-0.0076,no,+0.0268,+0.0879,+0.0315,+0.0710,+0.0797
primary,no_time,test,precision,+0.0023,+,no,0.20,0.8538,1.0000,n_pred_matches,19.6,24.9,+0.0031,no,+0.0318,+0.0077,+0.0099,+0.0034,-0.0410
primary,no_state,test,precision,+0.0023,+,no,0.14,0.8955,1.0000,n_pred_matches,20.2,24.9,+0.0025,no,-0.0429,+0.0245,-0.0249,+0.0466,+0.0081
primary,no_rel,test,precision,+0.0610,+,no,2.30,0.0828,0.3313,n_pred_matches,16.0,24.9,+0.0080,no,+0.0128,+0.1158,+0.1286,-0.0026,+0.0504
primary,no_src,test,precision,+0.0308,+,no,1.99,0.1173,0.3518,n_pred_matches,20.2,24.9,-0.0013,no,+0.0078,+0.0230,-0.0091,+0.0733,+0.0588
primary,no_motion,test,recall,-0.0389,-,no,-1.78,0.1496,0.5922,n_gold_matches,108.8,108.8,-0.0227,YES,+0.0348,-0.0448,-0.0232,-0.0939,-0.0676
primary,no_time,test,recall,-0.0303,-,no,-1.33,0.2556,0.5922,n_gold_matches,108.8,108.8,-0.0008,no,-0.0132,+0.0286,-0.0632,-0.0035,-0.1000
primary,no_state,test,recall,-0.0301,-,no,-1.58,0.1893,0.5922,n_gold_matches,108.8,108.8,-0.0143,no,-0.0456,+0.0186,-0.0810,+0.0096,-0.0522
primary,no_rel,test,recall,-0.0528,-,no,-1.79,0.1481,0.5922,n_gold_matches,108.8,108.8,-0.0041,no,+0.0170,-0.0276,-0.1615,-0.0494,-0.0426
primary,no_src,test,recall,-0.0238,-,no,-2.22,0.0903,0.4514,n_gold_matches,108.8,108.8,-0.0147,no,+0.0036,-0.0452,-0.0052,-0.0212,-0.0508
primary,no_motion,test,f1,-0.0584,-,no,-1.88,0.1336,0.5343,—,n/a,n/a,-0.0203,YES,+0.0449,-0.0722,-0.0285,-0.1333,-0.1027
primary,no_time,test,f1,-0.0433,-,no,-1.24,0.2834,0.5343,—,n/a,n/a,-0.0001,no,-0.0153,+0.0423,-0.0808,-0.0037,-0.1592
primary,no_state,test,f1,-0.0418,-,no,-1.59,0.1864,0.5343,—,n/a,n/a,-0.0111,no,-0.0633,+0.0266,-0.1065,+0.0135,-0.0794
primary,no_rel,test,f1,-0.0761,-,no,-1.81,0.1443,0.5343,—,n/a,n/a,-0.0014,no,+0.0216,-0.0414,-0.2318,-0.0669,-0.0619
primary,no_src,test,f1,-0.0353,-,no,-2.11,0.1028,0.5140,—,n/a,n/a,-0.0123,no,+0.0049,-0.0724,-0.0084,-0.0235,-0.0773
primary,no_motion,test,wrong_merge_rate,-0.0308,-,no,-2.58,0.0610,0.3050,n_pred_identities,55.1,69.0,+0.0024,no,-0.0257,+0.0021,-0.0148,-0.0552,-0.0606
primary,no_time,test,wrong_merge_rate,-0.0195,-,no,-0.92,0.4093,0.8185,n_pred_identities,55.1,69.0,-0.0087,no,-0.0192,+0.0158,-0.0192,+0.0220,-0.0968
primary,no_state,test,wrong_merge_rate,-0.0072,-,no,-0.40,0.7080,0.8185,n_pred_identities,60.7,69.0,-0.0026,no,+0.0147,+0.0518,-0.0377,-0.0211,-0.0437
primary,no_rel,test,wrong_merge_rate,-0.0307,-,YES,-1.86,0.1368,0.5473,n_pred_identities,43.8,69.0,-0.0054,no,-0.0054,-0.0078,-0.0926,-0.0101,-0.0376
primary,no_src,test,wrong_merge_rate,-0.0205,-,no,-1.68,0.1685,0.5473,n_pred_identities,57.5,69.0,-0.0080,no,-0.0108,-0.0236,+0.0167,-0.0259,-0.0589
primary,no_motion,test,fragmentation_rate,+0.0018,+,no,0.15,0.8860,1.0000,n_gold_matches,108.8,108.8,+0.0238,YES,-0.0041,+0.0335,-0.0050,+0.0198,-0.0352
primary,no_time,test,fragmentation_rate,-0.0099,-,no,-1.17,0.3072,1.0000,n_gold_matches,108.8,108.8,+0.0079,no,-0.0217,+0.0150,-0.0194,+0.0054,-0.0288
primary,no_state,test,fragmentation_rate,+0.0086,+,no,0.80,0.4662,1.0000,n_gold_matches,108.8,108.8,-0.0045,no,+0.0296,+0.0251,+0.0209,-0.0072,-0.0255
primary,no_rel,test,fragmentation_rate,-0.0115,-,no,-1.20,0.2977,1.0000,n_gold_matches,108.8,108.8,-0.0005,no,-0.0074,+0.0075,-0.0010,-0.0084,-0.0483
primary,no_src,test,fragmentation_rate,+0.0027,+,no,0.28,0.7929,1.0000,n_gold_matches,108.8,108.8,-0.0003,no,+0.0053,+0.0189,+0.0213,+0.0002,-0.0322
primary,no_motion,test,impossible_transition_rate,-0.0239,-,YES,-3.25,0.0312,0.1562,n_transitions,791.4,1044.7,-0.0007,no,-0.0288,-0.0115,-0.0024,-0.0356,-0.0414
primary,no_time,test,impossible_transition_rate,-0.0150,-,no,-1.04,0.3563,0.7126,n_transitions,821.2,1044.7,-0.0006,no,-0.0248,+0.0255,-0.0178,+0.0029,-0.0609
primary,no_state,test,impossible_transition_rate,-0.0128,-,no,-1.01,0.3688,0.7126,n_transitions,888.9,1044.7,+0.0010,no,+0.0064,+0.0219,-0.0305,-0.0128,-0.0490
primary,no_rel,test,impossible_transition_rate,-0.0180,-,no,-1.86,0.1370,0.4111,n_transitions,652.6,1044.7,+0.0006,no,-0.0053,-0.0286,-0.0513,+0.0005,-0.0054
primary,no_src,test,impossible_transition_rate,-0.0159,-,no,-2.23,0.0900,0.3601,n_transitions,853.4,1044.7,-0.0069,YES,-0.0216,-0.0128,+0.0057,-0.0124,-0.0383
primary,no_motion,test,trajectory_consistency_rate,+0.0239,+,YES,3.25,0.0312,0.1562,n_transitions,791.4,1044.7,+0.0007,no,+0.0288,+0.0115,+0.0024,+0.0356,+0.0414
primary,no_time,test,trajectory_consistency_rate,+0.0150,+,no,1.04,0.3563,0.7126,n_transitions,821.2,1044.7,+0.0006,no,+0.0248,-0.0255,+0.0178,-0.0029,+0.0609
primary,no_state,test,trajectory_consistency_rate,+0.0128,+,no,1.01,0.3688,0.7126,n_transitions,888.9,1044.7,-0.0010,no,-0.0064,-0.0219,+0.0305,+0.0128,+0.0490
primary,no_rel,test,trajectory_consistency_rate,+0.0180,+,no,1.86,0.1370,0.4111,n_transitions,652.6,1044.7,-0.0006,no,+0.0053,+0.0286,+0.0513,-0.0005,+0.0054
primary,no_src,test,trajectory_consistency_rate,+0.0159,+,no,2.23,0.0900,0.3601,n_transitions,853.4,1044.7,+0.0069,YES,+0.0216,+0.0128,-0.0057,+0.0124,+0.0383
primary,no_motion,test,dangling_precision,-0.0154,-,no,-1.18,0.3025,0.5057,n_pred_dangling,185.2,158.5,-0.0388,no,+0.0265,-0.0056,-0.0132,-0.0494,-0.0354
primary,no_time,test,dangling_precision,-0.0197,-,no,-1.85,0.1380,0.5057,n_pred_dangling,182.2,158.5,+0.0176,no,-0.0056,+0.0103,-0.0432,-0.0158,-0.0443
primary,no_state,test,dangling_precision,-0.0172,-,no,-1.93,0.1264,0.5057,n_pred_dangling,174.9,158.5,-0.0611,no,-0.0167,+0.0120,-0.0423,-0.0125,-0.0264
primary,no_rel,test,dangling_precision,-0.0301,-,no,-1.89,0.1321,0.5057,n_pred_dangling,200.2,158.5,-0.0217,no,+0.0099,-0.0091,-0.0848,-0.0373,-0.0292
primary,no_src,test,dangling_precision,-0.0152,-,YES,-2.47,0.0690,0.3452,n_pred_dangling,178.8,158.5,-0.0684,no,-0.0051,-0.0098,-0.0012,-0.0304,-0.0295
primary,no_motion,test,dangling_recall,+0.0633,+,no,2.78,0.0499,0.2495,n_gold_dangling,52.2,52.2,+0.0080,no,-0.0240,+0.0835,+0.0631,+0.0907,+0.1033
primary,no_time,test,dangling_recall,+0.0486,+,no,1.28,0.2701,0.5403,n_gold_dangling,52.2,52.2,+0.0030,no,+0.0430,-0.0555,+0.1004,-0.0052,+0.1604
primary,no_state,test,dangling_recall,+0.0296,+,no,1.04,0.3565,0.5403,n_gold_dangling,52.2,52.2,+0.0136,no,+0.0377,-0.0491,+0.1036,-0.0193,+0.0752
primary,no_rel,test,dangling_recall,+0.0873,+,no,2.11,0.1019,0.4077,n_gold_dangling,52.2,52.2,+0.0083,no,-0.0103,+0.0547,+0.2376,+0.0580,+0.0967
primary,no_src,test,dangling_recall,+0.0399,+,no,1.84,0.1403,0.4210,n_gold_dangling,52.2,52.2,+0.0144,YES,-0.0184,+0.0847,+0.0295,+0.0091,+0.0946
revive,no_motion,dev,precision,+0.0059,+,no,0.33,0.7566,1.0000,n_pred_matches,53.4,57.7,+0.0038,no,+0.0334,-0.0356,-0.0168,-0.0122,+0.0607
revive,no_time,dev,precision,+0.0084,+,no,0.32,0.7680,1.0000,n_pred_matches,53.9,57.7,+0.0123,no,+0.0536,-0.0404,-0.0511,-0.0055,+0.0853
revive,no_state,dev,precision,-0.0020,-,no,-0.20,0.8497,1.0000,n_pred_matches,57.2,57.7,+0.0305,YES,-0.0077,+0.0074,-0.0337,-0.0032,+0.0272
revive,no_rel,dev,precision,-0.0046,-,no,-0.36,0.7388,1.0000,n_pred_matches,47.8,57.7,+0.0167,no,-0.0270,+0.0228,-0.0056,-0.0380,+0.0250
revive,no_src,dev,precision,-0.0004,-,no,-0.02,0.9857,1.0000,n_pred_matches,54.7,57.7,+0.0148,YES,+0.0416,+0.0013,-0.0826,-0.0036,+0.0411
revive,no_motion,dev,recall,-0.0206,-,no,-1.16,0.3105,0.9900,n_gold_matches,109.9,109.9,-0.0088,no,+0.0220,-0.0788,+0.0103,-0.0330,-0.0235
revive,no_time,dev,recall,-0.0197,-,no,-0.81,0.4652,0.9900,n_gold_matches,109.9,109.9,+0.0029,no,+0.0255,+0.0079,-0.0243,+0.0045,-0.1122
revive,no_state,dev,recall,-0.0032,-,no,-0.27,0.8007,0.9900,n_gold_matches,109.9,109.9,-0.0005,no,-0.0252,+0.0227,-0.0338,+0.0239,-0.0036
revive,no_rel,dev,recall,-0.0614,-,YES,-2.52,0.0654,0.3271,n_gold_matches,109.9,109.9,-0.0033,no,-0.0101,-0.0302,-0.1451,-0.0356,-0.0859
revive,no_src,dev,recall,-0.0172,-,no,-1.35,0.2475,0.9900,n_gold_matches,109.9,109.9,-0.0074,no,+0.0286,-0.0402,-0.0334,-0.0080,-0.0328
revive,no_motion,dev,f1,-0.0196,-,no,-1.01,0.3702,1.0000,—,n/a,n/a,-0.0062,no,+0.0267,-0.0878,+0.0040,-0.0306,-0.0103
revive,no_time,dev,f1,-0.0209,-,no,-0.87,0.4322,1.0000,—,n/a,n/a,+0.0053,no,+0.0345,-0.0021,-0.0331,+0.0028,-0.1069
revive,no_state,dev,f1,-0.0037,-,no,-0.31,0.7696,1.0000,—,n/a,n/a,+0.0074,no,-0.0237,+0.0221,-0.0370,+0.0189,+0.0015
revive,no_rel,dev,f1,-0.0614,-,YES,-2.58,0.0612,0.3061,—,n/a,n/a,+0.0014,no,-0.0153,-0.0267,-0.1461,-0.0395,-0.0795
revive,no_src,dev,f1,-0.0174,-,no,-1.19,0.3004,1.0000,—,n/a,n/a,-0.0018,no,+0.0337,-0.0398,-0.0491,-0.0069,-0.0248
revive,no_motion,dev,wrong_merge_rate,-0.0257,-,YES,-2.44,0.0715,0.3576,n_pred_identities,122.1,126.8,+0.0052,no,-0.0319,-0.0187,-0.0081,-0.0061,-0.0637
revive,no_time,dev,wrong_merge_rate,-0.0169,-,no,-0.73,0.5055,0.8254,n_pred_identities,118.6,126.8,+0.0002,no,-0.0319,+0.0248,+0.0057,+0.0176,-0.1006
revive,no_state,dev,wrong_merge_rate,-0.0089,-,no,-1.21,0.2938,0.8254,n_pred_identities,125.1,126.8,-0.0121,no,-0.0028,+0.0110,-0.0128,-0.0059,-0.0342
revive,no_rel,dev,wrong_merge_rate,-0.0240,-,no,-1.87,0.1351,0.5402,n_pred_identities,111.7,126.8,+0.0020,no,+0.0112,-0.0174,-0.0499,-0.0073,-0.0569
revive,no_src,dev,wrong_merge_rate,-0.0152,-,no,-1.26,0.2751,0.8254,n_pred_identities,121.0,126.8,-0.0100,no,-0.0118,-0.0223,+0.0177,-0.0040,-0.0553
revive,no_motion,dev,fragmentation_rate,-0.0306,-,YES,-1.93,0.1253,0.6264,n_gold_matches,109.9,109.9,+0.0048,no,-0.0102,-0.0357,-0.0058,-0.0110,-0.0904
revive,no_time,dev,fragmentation_rate,-0.0412,-,no,-1.16,0.3095,1.0000,n_gold_matches,109.9,109.9,-0.0076,no,-0.0383,+0.0108,+0.0288,-0.0341,-0.1732
revive,no_state,dev,fragmentation_rate,-0.0169,-,no,-0.84,0.4482,1.0000,n_gold_matches,109.9,109.9,-0.0218,no,-0.0009,-0.0133,+0.0468,-0.0462,-0.0712
revive,no_rel,dev,fragmentation_rate,-0.0366,-,no,-1.21,0.2918,1.0000,n_gold_matches,109.9,109.9,-0.0140,no,+0.0567,-0.0810,-0.0802,+0.0137,-0.0920
revive,no_src,dev,fragmentation_rate,-0.0288,-,no,-1.26,0.2766,1.0000,n_gold_matches,109.9,109.9,-0.0075,no,-0.0196,-0.0631,+0.0408,-0.0100,-0.0919
revive,no_motion,dev,impossible_transition_rate,-0.0117,-,no,-1.33,0.2549,1.0000,n_transitions,2037.1,2199.1,+0.0055,no,-0.0167,-0.0039,+0.0047,+0.0012,-0.0438
revive,no_time,dev,impossible_transition_rate,-0.0096,-,no,-0.89,0.4235,1.0000,n_transitions,2023.9,2199.1,-0.0019,no,-0.0098,+0.0086,-0.0049,+0.0084,-0.0502
revive,no_state,dev,impossible_transition_rate,-0.0070,-,no,-0.84,0.4506,1.0000,n_transitions,2139.0,2199.1,-0.0067,YES,+0.0055,+0.0074,-0.0038,-0.0050,-0.0392
revive,no_rel,dev,impossible_transition_rate,-0.0092,-,no,-1.39,0.2364,1.0000,n_transitions,1853.6,2199.1,-0.0018,no,+0.0089,-0.0100,-0.0081,-0.0048,-0.0322
revive,no_src,dev,impossible_transition_rate,-0.0027,-,no,-0.29,0.7891,1.0000,n_transitions,2072.5,2199.1,-0.0095,no,-0.0068,+0.0197,+0.0152,-0.0088,-0.0327
revive,no_motion,dev,trajectory_consistency_rate,+0.0117,+,no,1.33,0.2549,1.0000,n_transitions,2037.1,2199.1,-0.0055,no,+0.0167,+0.0039,-0.0047,-0.0012,+0.0438
revive,no_time,dev,trajectory_consistency_rate,+0.0096,+,no,0.89,0.4235,1.0000,n_transitions,2023.9,2199.1,+0.0019,no,+0.0098,-0.0086,+0.0049,-0.0084,+0.0502
revive,no_state,dev,trajectory_consistency_rate,+0.0070,+,no,0.84,0.4506,1.0000,n_transitions,2139.0,2199.1,+0.0067,YES,-0.0055,-0.0074,+0.0038,+0.0050,+0.0392
revive,no_rel,dev,trajectory_consistency_rate,+0.0092,+,no,1.39,0.2364,1.0000,n_transitions,1853.6,2199.1,+0.0018,no,-0.0089,+0.0100,+0.0081,+0.0048,+0.0322
revive,no_src,dev,trajectory_consistency_rate,+0.0027,+,no,0.29,0.7891,1.0000,n_transitions,2072.5,2199.1,+0.0095,no,+0.0068,-0.0197,-0.0152,+0.0088,+0.0327
revive,no_motion,dev,dangling_precision,-0.1117,-,no,-1.58,0.1900,0.5699,n_pred_dangling,55.0,38.3,-0.0045,no,+0.0814,-0.1861,+0.0361,-0.2365,-0.2534
revive,no_time,dev,dangling_precision,-0.0936,-,no,-1.15,0.3141,0.5699,n_pred_dangling,56.7,38.3,+0.0258,no,+0.0357,+0.0379,-0.0712,-0.0652,-0.4053
revive,no_state,dev,dangling_precision,-0.0833,-,no,-2.22,0.0903,0.3783,n_pred_dangling,44.5,38.3,-0.0460,no,-0.1153,+0.0518,-0.1361,-0.0597,-0.1571
revive,no_rel,dev,dangling_precision,-0.2372,-,no,-2.38,0.0757,0.3783,n_pred_dangling,74.4,38.3,-0.0133,no,+0.0661,-0.1524,-0.5269,-0.2153,-0.3576
revive,no_src,dev,dangling_precision,-0.0841,-,no,-1.35,0.2487,0.5699,n_pred_dangling,51.6,38.3,-0.0401,no,+0.0838,-0.1383,+0.0312,-0.1389,-0.2584
revive,no_motion,dev,dangling_recall,+0.0267,+,no,1.80,0.1459,0.6790,n_gold_dangling,51.1,51.1,-0.0055,no,-0.0157,+0.0658,+0.0045,+0.0284,+0.0505
revive,no_time,dev,dangling_recall,+0.0322,+,no,0.80,0.4677,0.8344,n_gold_dangling,51.1,51.1,+0.0014,no,-0.0227,-0.0132,+0.0050,+0.0004,+0.1914
revive,no_state,dev,dangling_recall,+0.0125,+,no,1.11,0.3307,0.8344,n_gold_dangling,51.1,51.1,+0.0137,no,+0.0187,-0.0225,+0.0227,-0.0007,+0.0442
revive,no_rel,dev,dangling_recall,+0.0676,+,no,1.86,0.1358,0.6790,n_gold_dangling,51.1,51.1,+0.0109,no,-0.0268,+0.0518,+0.1846,+0.0228,+0.1055
revive,no_src,dev,dangling_recall,+0.0209,+,no,1.25,0.2781,0.8344,n_gold_dangling,51.1,51.1,+0.0119,no,-0.0125,+0.0414,-0.0076,+0.0073,+0.0758
revive,no_motion,test,precision,+0.0212,+,no,1.18,0.3026,1.0000,n_pred_matches,51.6,58.6,-0.0076,no,+0.0398,-0.0141,-0.0088,+0.0069,+0.0822
revive,no_time,test,precision,+0.0248,+,no,1.31,0.2589,1.0000,n_pred_matches,52.6,58.6,+0.0031,no,+0.0552,-0.0151,+0.0209,-0.0159,+0.0787
revive,no_state,test,precision,+0.0061,+,no,0.35,0.7414,1.0000,n_pred_matches,55.3,58.6,+0.0025,no,-0.0213,-0.0323,-0.0090,+0.0348,+0.0586
revive,no_rel,test,precision,+0.0136,+,no,1.22,0.2899,1.0000,n_pred_matches,48.0,58.6,+0.0080,no,-0.0128,+0.0506,+0.0037,+0.0006,+0.0258
revive,no_src,test,precision,+0.0326,+,no,1.47,0.2162,1.0000,n_pred_matches,53.4,58.6,-0.0013,no,+0.0634,+0.0052,-0.0211,+0.0129,+0.1027
revive,no_motion,test,recall,-0.0311,-,no,-1.71,0.1633,0.6946,n_gold_matches,108.8,108.8,-0.0227,YES,+0.0281,-0.0798,-0.0175,-0.0551,-0.0309
revive,no_time,test,recall,-0.0228,-,no,-1.09,0.3373,0.6946,n_gold_matches,108.8,108.8,-0.0008,no,+0.0260,-0.0104,-0.0061,-0.0237,-0.1001
revive,no_state,test,recall,-0.0168,-,no,-1.56,0.1935,0.6946,n_gold_matches,108.8,108.8,-0.0143,no,-0.0383,-0.0118,-0.0451,+0.0084,+0.0029
revive,no_rel,test,recall,-0.0571,-,no,-1.84,0.1389,0.6946,n_gold_matches,108.8,108.8,-0.0041,no,+0.0043,-0.0337,-0.1674,-0.0098,-0.0791
revive,no_src,test,recall,-0.0160,-,no,-0.97,0.3860,0.6946,n_gold_matches,108.8,108.8,-0.0147,no,+0.0454,-0.0529,-0.0319,-0.0207,-0.0199
revive,no_motion,test,f1,-0.0252,-,no,-1.33,0.2544,1.0000,—,n/a,n/a,-0.0203,YES,+0.0331,-0.0817,-0.0163,-0.0454,-0.0156
revive,no_time,test,f1,-0.0185,-,no,-0.88,0.4310,1.0000,—,n/a,n/a,-0.0001,no,+0.0356,-0.0124,+0.0008,-0.0234,-0.0930
revive,no_state,test,f1,-0.0135,-,no,-1.13,0.3228,1.0000,—,n/a,n/a,-0.0111,no,-0.0392,-0.0168,-0.0397,+0.0151,+0.0130
revive,no_rel,test,f1,-0.0535,-,no,-1.79,0.1482,0.7409,—,n/a,n/a,-0.0014,no,+0.0002,-0.0237,-0.1613,-0.0083,-0.0741
revive,no_src,test,f1,-0.0088,-,no,-0.49,0.6494,1.0000,—,n/a,n/a,-0.0123,no,+0.0535,-0.0529,-0.0312,-0.0139,+0.0005
revive,no_motion,test,wrong_merge_rate,-0.0250,-,no,-1.83,0.1414,0.5656,n_pred_identities,120.0,124.3,+0.0024,no,-0.0372,-0.0280,+0.0184,-0.0137,-0.0645
revive,no_time,test,wrong_merge_rate,-0.0235,-,no,-1.30,0.2633,0.7899,n_pred_identities,118.0,124.3,-0.0087,no,-0.0315,-0.0092,+0.0132,-0.0003,-0.0898
revive,no_state,test,wrong_merge_rate,-0.0099,-,no,-0.96,0.3922,0.7899,n_pred_identities,123.3,124.3,-0.0026,no,-0.0061,+0.0268,-0.0135,-0.0225,-0.0341
revive,no_rel,test,wrong_merge_rate,-0.0299,-,no,-2.66,0.0561,0.2805,n_pred_identities,109.5,124.3,-0.0054,no,+0.0052,-0.0303,-0.0461,-0.0185,-0.0598
revive,no_src,test,wrong_merge_rate,-0.0148,-,no,-0.91,0.4121,0.7899,n_pred_identities,120.0,124.3,-0.0080,no,-0.0285,+0.0036,+0.0322,-0.0165,-0.0648
revive,no_motion,test,fragmentation_rate,-0.0128,-,no,-0.41,0.7026,1.0000,n_gold_matches,108.8,108.8,+0.0238,YES,-0.0026,-0.0004,+0.0525,+0.0175,-0.1308
revive,no_time,test,fragmentation_rate,-0.0238,-,no,-0.83,0.4554,1.0000,n_gold_matches,108.8,108.8,+0.0079,no,-0.0267,+0.0229,+0.0001,+0.0184,-0.1334
revive,no_state,test,fragmentation_rate,+0.0042,+,no,0.17,0.8763,1.0000,n_gold_matches,108.8,108.8,-0.0045,no,+0.0035,+0.0437,+0.0723,-0.0277,-0.0708
revive,no_rel,test,fragmentation_rate,-0.0363,-,no,-1.30,0.2637,1.0000,n_gold_matches,108.8,108.8,-0.0005,no,+0.0445,-0.0527,-0.0088,-0.0384,-0.1260
revive,no_src,test,fragmentation_rate,-0.0175,-,no,-0.53,0.6230,1.0000,n_gold_matches,108.8,108.8,-0.0003,no,-0.0644,-0.0005,+0.0769,+0.0140,-0.1135
revive,no_motion,test,impossible_transition_rate,-0.0119,-,no,-1.83,0.1406,0.5624,n_transitions,2004.7,2173.6,-0.0007,no,-0.0246,-0.0019,+0.0047,-0.0086,-0.0290
revive,no_time,test,impossible_transition_rate,-0.0087,-,no,-0.84,0.4494,1.0000,n_transitions,2008.0,2173.6,-0.0006,no,-0.0061,+0.0126,-0.0035,+0.0018,-0.0482
revive,no_state,test,impossible_transition_rate,-0.0069,-,no,-0.94,0.3998,1.0000,n_transitions,2108.1,2173.6,+0.0010,no,-0.0042,+0.0185,-0.0092,-0.0133,-0.0264
revive,no_rel,test,impossible_transition_rate,-0.0080,-,YES,-3.58,0.0232,0.1162,n_transitions,1839.7,2173.6,+0.0006,no,-0.0014,-0.0120,-0.0080,-0.0050,-0.0137
revive,no_src,test,impossible_transition_rate,-0.0038,-,no,-0.40,0.7100,1.0000,n_transitions,2041.7,2173.6,-0.0069,YES,-0.0159,+0.0225,+0.0128,-0.0088,-0.0296
revive,no_motion,test,trajectory_consistency_rate,+0.0119,+,no,1.83,0.1406,0.5624,n_transitions,2004.7,2173.6,+0.0007,no,+0.0246,+0.0019,-0.0047,+0.0086,+0.0290
revive,no_time,test,trajectory_consistency_rate,+0.0087,+,no,0.84,0.4494,1.0000,n_transitions,2008.0,2173.6,+0.0006,no,+0.0061,-0.0126,+0.0035,-0.0018,+0.0482
revive,no_state,test,trajectory_consistency_rate,+0.0069,+,no,0.94,0.3998,1.0000,n_transitions,2108.1,2173.6,-0.0010,no,+0.0042,-0.0185,+0.0092,+0.0133,+0.0264
revive,no_rel,test,trajectory_consistency_rate,+0.0080,+,YES,3.58,0.0232,0.1162,n_transitions,1839.7,2173.6,-0.0006,no,+0.0014,+0.0120,+0.0080,+0.0050,+0.0137
revive,no_src,test,trajectory_consistency_rate,+0.0038,+,no,0.40,0.7100,1.0000,n_transitions,2041.7,2173.6,+0.0069,YES,+0.0159,-0.0225,-0.0128,+0.0088,+0.0296
revive,no_motion,test,dangling_precision,-0.0885,-,no,-1.12,0.3253,0.5682,n_pred_dangling,57.4,40.1,-0.0388,no,+0.1122,-0.1666,+0.0894,-0.2105,-0.2668
revive,no_time,test,dangling_precision,-0.0927,-,no,-1.28,0.2699,0.5682,n_pred_dangling,57.2,40.1,+0.0176,no,+0.0407,-0.0052,-0.1158,-0.0192,-0.3641
revive,no_state,test,dangling_precision,-0.0819,-,no,-2.48,0.0684,0.3418,n_pred_dangling,46.7,40.1,-0.0611,no,-0.1352,+0.0234,-0.1360,-0.0308,-0.1308
revive,no_rel,test,dangling_precision,-0.2013,-,no,-1.91,0.1292,0.5169,n_pred_dangling,74.9,40.1,-0.0217,no,+0.1051,-0.1368,-0.5213,-0.1238,-0.3298
revive,no_src,test,dangling_precision,-0.0859,-,no,-1.58,0.1894,0.5682,n_pred_dangling,53.7,40.1,-0.0684,no,+0.0473,-0.1173,+0.0051,-0.0999,-0.2647
revive,no_motion,test,dangling_recall,+0.0395,+,no,2.23,0.0900,0.4502,n_gold_dangling,52.2,52.2,+0.0080,no,+0.0016,+0.0828,-0.0004,+0.0367,+0.0770
revive,no_time,test,dangling_recall,+0.0348,+,no,1.02,0.3634,0.6084,n_gold_dangling,52.2,52.2,+0.0030,no,-0.0085,-0.0074,+0.0159,+0.0046,+0.1695
revive,no_state,test,dangling_recall,+0.0123,+,no,1.52,0.2028,0.6084,n_gold_dangling,52.2,52.2,+0.0136,no,+0.0279,-0.0153,+0.0175,+0.0046,+0.0269
revive,no_rel,test,dangling_recall,+0.0705,+,no,2.19,0.0936,0.4502,n_gold_dangling,52.2,52.2,+0.0083,no,-0.0113,+0.0728,+0.1575,+0.0101,+0.1234
revive,no_src,test,dangling_recall,+0.0255,+,no,1.49,0.2098,0.6084,n_gold_dangling,52.2,52.2,+0.0144,YES,-0.0049,+0.0400,-0.0048,+0.0118,+0.0853
