analysis,model,seed,split,precision,recall,f1,wrong_merge_rate,fragmentation_rate,impossible_transition_rate,trajectory_consistency_rate,dangling_precision,dangling_recall,n_gold_dangling,n_gold_matches,n_pred_dangling,n_pred_identities,n_pred_matches,n_transitions
primary,m3_full,19521006,dev,0.7054561778908276,0.17455851891043203,0.2792092648761782,0.18148716327774525,0.9774495447965039,0.26940134891353235,0.7305986510864676,0.26020642190087867,0.7849280082846534,51.083333333333336,109.91666666666667,154.66666666666666,70.66666666666667,26.833333333333332,1091.8333333333333
primary,m3_full,19521006,test,0.6994438801146453,0.17506666519052907,0.27821154501615597,0.2037714436307598,0.9775294652908928,0.27606662827384754,0.7239333717261525,0.25406153325074576,0.7421917396589889,52.15384615384615,108.84615384615384,153.46153846153845,67.92307692307692,27.692307692307693,1095.923076923077
primary,m3_full,19521007,dev,0.7047508756293587,0.09808388731098727,0.17050970648784322,0.17691835770351558,0.9757214872218473,0.25090527235880367,0.7490947276411964,0.2232610936028556,0.8696905353118498,51.083333333333336,109.91666666666667,200.5,44.416666666666664,14.75,659.75
primary,m3_full,19521007,test,0.6833750666258407,0.10488085518031937,0.17996811300704618,0.13953914963343825,0.9505714524843536,0.24172471497092818,0.7582752850290718,0.2176524019784431,0.8305523474839464,52.15384615384615,108.84615384615384,199.92307692307693,43.84615384615385,15.692307692307692,655.3846153846154
primary,m3_full,19521008,dev,0.708849348481769,0.22053125326237857,0.33536599913146525,0.185840269620798,0.9982048553122221,0.25336750610363207,0.7466324938963679,0.30174141504642843,0.6770759268108341,51.083333333333336,109.91666666666667,114.83333333333333,97.58333333333333,34.25,1463.25
primary,m3_full,19521008,test,0.7032367260649754,0.21158097075086088,0.3240475463398107,0.17300658520152695,0.9782856353844593,0.24329545399826388,0.7567045460017362,0.2888643842709971,0.6718429028882251,52.15384615384615,108.84615384615384,123.07692307692308,91.6923076923077,32.69230769230769,1376.0
primary,m3_full,19521009,dev,0.7605107819921559,0.20098531620371055,0.3164404383681908,0.1554437797350847,0.9712986916747542,0.24387802544684725,0.7561219745531528,0.26966900683415307,0.7290726281038459,51.083333333333336,109.91666666666667,138.0,86.41666666666667,29.25,1242.75
primary,m3_full,19521009,test,0.7384716518337208,0.17912678398902443,0.28647325570855303,0.15071060822601728,0.9607574094098283,0.2316932005915532,0.7683067994084468,0.2664891900586593,0.7476370403254722,52.15384615384615,108.84615384615384,147.76923076923077,80.07692307692308,26.53846153846154,1140.6923076923076
primary,m3_full,19521010,dev,0.626754033004033,0.13462615794627553,0.22069577588464284,0.23874038363903294,1.0067868370800686,0.314664019653291,0.685335980346709,0.2427722786158741,0.7793341441662611,51.083333333333336,109.91666666666667,163.75,62.666666666666664,23.666666666666668,1009.0
primary,m3_full,19521010,test,0.6337927108720953,0.12717853901727022,0.21062548125559502,0.23042847242772602,1.0256609114759425,0.28690738558077905,0.713092614419221,0.2511109581204914,0.8040110368853532,52.15384615384615,108.84615384615384,168.15384615384616,61.23076923076923,21.923076923076923,955.6923076923077
primary,no_motion,19521006,dev,0.742387735850401,0.21043421234195514,0.3269636283140399,0.1835071802512822,0.9854676207064035,0.256773119086097,0.743226880913903,0.2805952653692007,0.7308492923676102,51.083333333333336,109.91666666666667,133.33333333333334,84.66666666666667,31.083333333333332,1291.1666666666667
primary,no_motion,19521006,test,0.7262931264174626,0.20990009572097396,0.3230629160076577,0.17804244555016618,0.9734080622310309,0.24726008988404413,0.752739910115956,0.28052074865889415,0.7181651449285339,52.15384615384615,108.84615384615384,135.84615384615384,82.07692307692308,31.23076923076923,1257.923076923077
primary,no_motion,19521007,dev,0.8149877899877899,0.051755651532437795,0.09595940955642325,0.13290665996371967,0.9792809320421049,0.2169046235386908,0.7830953764613091,0.20601773964005166,0.9276248052213703,51.083333333333336,109.91666666666667,231.16666666666666,27.583333333333332,7.25,369.9166666666667
primary,no_motion,19521007,test,0.7713129630550445,0.060083415584577825,0.10772039599303278,0.1416308845775513,0.9840752889970982,0.2302362262572033,0.7697637737427967,0.21200865610016986,0.9140875308631448,52.15384615384615,108.84615384615384,225.76923076923077,28.076923076923077,9.076923076923077,412.6923076923077
primary,no_motion,19521008,dev,0.7487158306397125,0.18668628602744433,0.29711376288795943,0.14658798707200635,0.9723124767237414,0.24321633900367876,0.7567836609963212,0.25845375143512456,0.7213475087720443,51.083333333333336,109.91666666666667,143.75,82.91666666666667,27.333333333333332,1188.75
primary,no_motion,19521008,test,0.7347262755714526,0.18835893838768666,0.295592901808302,0.15821698223252517,0.9732981206556955,0.2408657793668885,0.7591342206331115,0.27565782980492803,0.7348942150133639,52.15384615384615,108.84615384615384,141.84615384615384,81.92307692307692,28.0,1198.076923076923
primary,no_motion,19521009,dev,0.7743922564002655,0.10667393143734234,0.1862386532576059,0.11474069180362223,0.95603657488083,0.21338048693536926,0.7866195130646307,0.21707197202536777,0.8103258500813048,51.083333333333336,109.91666666666667,190.58333333333334,56.833333333333336,15.083333333333334,746.5
primary,no_motion,19521009,test,0.8094425684923424,0.08526669371695907,0.15316172670600853,0.09549863973885572,0.98051923476408,0.19609874303690927,0.8039012569630907,0.21707375116465874,0.8383554406170123,52.15384615384615,108.84615384615384,202.0,50.0,11.538461538461538,628.4615384615385
primary,no_motion,19521010,dev,0.7472238957436326,0.07646925652665933,0.13660737398967293,0.13019373551423638,0.9789307078201542,0.2420361498022413,0.7579638501977586,0.2082816926123701,0.8617873645014105,51.083333333333336,109.91666666666667,211.66666666666666,39.666666666666664,11.416666666666666,552.8333333333334
primary,no_motion,19521010,test,0.7134470356189814,0.05962181059028339,0.1078831003123135,0.16981774150645884,0.9904996395293744,0.24547943071112555,0.7545205692888745,0.21572641920060662,0.9073308411461329,52.15384615384615,108.84615384615384,220.53846153846155,33.46153846153846,8.923076923076923,459.61538461538464
primary,no_time,19521006,dev,0.7138142424609876,0.16150978277567374,0.2612013213044191,0.1973087665241866,0.9693422638993154,0.260074220027315,0.7399257799726849,0.2513287370428819,0.793670208544711,51.083333333333336,109.91666666666667,162.0,66.41666666666667,25.0,1022.75
primary,no_time,19521006,test,0.7311960008932371,0.16181906711456306,0.2628694719832462,0.18460333645044813,0.955784629405538,0.25128251672428625,0.7487174832757139,0.24848996469893583,0.7852212112152657,52.15384615384615,108.84615384615384,166.84615384615384,63.53846153846154,23.692307692307693,966.4615384615385
primary,no_time,19521007,dev,0.6663107737857863,0.14412345584908184,0.2362290320355052,0.23943097686745604,0.9900764581528515,0.2725894030303357,0.7274105969696644,0.24156498691676523,0.8101002834850322,51.083333333333336,109.91666666666667,171.83333333333334,57.25,23.666666666666668,933.5833333333334
primary,no_time,19521007,test,0.6910963049646891,0.1335164650050778,0.22227247762921193,0.1553619182494961,0.9655255501821407,0.2671824898648143,0.7328175101351857,0.22792879866449803,0.7750887330609262,52.15384615384615,108.84615384615384,177.84615384615384,54.69230769230769,21.307692307692307,865.3076923076923
primary,no_time,19521008,dev,0.6541938173758294,0.14212191720594977,0.23174264318279436,0.19483550211339673,1.0135619367871185,0.2454991568893794,0.7545008431106205,0.25714878247577616,0.7630747159719405,51.083333333333336,109.91666666666667,152.08333333333334,77.08333333333333,24.083333333333332,1111.25
primary,no_time,19521008,test,0.7130940215179344,0.14837958392950512,0.2431987260582321,0.15375915110249977,0.9589345266055513,0.22546222849471087,0.774537771505289,0.24568197786267362,0.7722648078519806,52.15384615384615,108.84615384615384,165.84615384615384,67.38461538461539,22.615384615384617,972.6153846153846
primary,no_time,19521009,dev,0.7361037237856641,0.19057737180078185,0.30188253259348113,0.16494768920570077,0.9517739691459273,0.24401059552840465,0.7559894044715953,0.2601525740914485,0.7663490641079834,51.083333333333336,109.91666666666667,150.5,75.33333333333333,28.5,1128.8333333333333
primary,no_time,19521009,test,0.7418569432548352,0.17562508676792057,0.28280195318710427,0.17272408684526994,0.9661215599891768,0.2345575127245093,0.7654424872754907,0.2507305756609369,0.7424528001044622,52.15384615384615,108.84615384615384,156.15384615384616,71.23076923076923,25.846153846153847,1065.6923076923076
primary,no_time,19521010,dev,0.7094907407407408,0.03386809927738968,0.06322042832081559,0.07574864881850175,0.9810112900668552,0.19999047805250417,0.8000095219474957,0.1981357384991488,0.9528789185728407,51.083333333333336,109.91666666666667,245.91666666666666,17.416666666666668,4.833333333333333,232.58333333333334
primary,no_time,19521010,test,0.5927655677655678,0.027202376785539235,0.05144390980198416,0.13363943748559134,0.9968869527487573,0.22604997264477025,0.7739500273552298,0.20683047969396418,0.9643889078437966,52.15384615384615,108.84615384615384,244.3846153846154,18.46153846153846,4.3076923076923075,236.15384615384616
primary,no_state,19521006,dev,0.6513648377312592,0.13378108556276272,0.22023021845878535,0.2159852859943041,1.0261666258314468,0.28001333041441384,0.7199866695855862,0.2446196096472517,0.7900072244031408,51.083333333333336,109.91666666666667,166.08333333333334,63.75,22.916666666666668,984.5833333333334
primary,no_state,19521006,test,0.6565701547306898,0.12946531846057263,0.21486672806202295,0.21847581988544526,1.0071651079065487,0.2824853588092303,0.7175146411907698,0.2373957277942971,0.779938652460372,52.15384615384615,108.84615384615384,172.3846153846154,57.84615384615385,21.53846153846154,916.7692307692307
primary,no_state,19521007,dev,0.6826946922020843,0.13933382953054682,0.23046640012621408,0.22502303201288962,0.9774260341164718,0.27556862261131504,0.7244313773886849,0.2406335836644723,0.8063090763507247,51.083333333333336,109.91666666666667,171.16666666666666,57.833333333333336,22.583333333333332,939.6666666666666
primary,no_state,19521007,test,0.7078972560327075,0.12352319415676685,0.2065902226372742,0.1913507889403472,0.9756899498226381,0.2636720534663502,0.7363279465336497,0.22964449586521452,0.7814775005278606,52.15384615384615,108.84615384615384,179.0,54.07692307692308,19.76923076923077,854.3846153846154
primary,no_state,19521008,dev,0.6855957306352995,0.11729386265100328,0.1977798773246372,0.14616519377405637,1.0311620731503581,0.21616306960581103,0.7838369303941889,0.24819473056921684,0.789584851661735,51.083333333333336,109.91666666666667,164.08333333333334,75.08333333333333,18.916666666666668,993.25
primary,no_state,19521008,test,0.6783003984319773,0.13057630792241096,0.21755632991717497,0.13526634464603327,0.9991898157860886,0.21276104640227042,0.7872389535977297,0.24657030544463449,0.7754760084494874,52.15384615384615,108.84615384615384,165.6153846153846,70.53846153846153,20.692307692307693,971.7692307692307
primary,no_state,19521009,dev,0.7439264690900754,0.21158130956566112,0.328250851768531,0.15637270056350153,0.950115351343296,0.23901226461114555,0.7609877353888543,0.2537635904935655,0.6780531492746774,51.083333333333336,109.91666666666667,136.0,86.58333333333333,31.25,1262.5833333333333
primary,no_state,19521009,test,0.785055492916523,0.18868933055461604,0.29992860663309984,0.1295734216104128,0.9535677069115134,0.21885637935107594,0.7811436206489242,0.2540054978341048,0.7283396733051897,52.15384615384615,108.84615384615384,151.92307692307693,78.46153846153847,26.307692307692307,1100.7692307692307
primary,no_state,19521010,dev,0.7309815140006904,0.08057678709580073,0.14220131210870135,0.2075445444740397,0.981132659734049,0.2549169113909145,0.7450830886090855,0.2126758999577608,0.8773025669938909,51.083333333333336,109.91666666666667,210.58333333333334,38.083333333333336,12.666666666666666,565.25
primary,no_state,19521010,test,0.6418485487680533,0.07498791209412828,0.131186064484401,0.18674583461939595,1.0001412235900786,0.23786835642415613,0.7621316435758438,0.2247503701972883,0.8792502607957859,52.15384615384615,108.84615384615384,205.53846153846155,42.46153846153846,12.538461538461538,600.6153846153846
primary,no_rel,19521006,dev,0.6804623558017374,0.18635947146069787,0.29120384467676214,0.23075323861545205,1.001392052012712,0.2941474960954272,0.7058525039045729,0.2743070788393141,0.760649249892026,51.083333333333336,109.91666666666667,142.16666666666666,74.75,30.0,1212.75
primary,no_rel,19521006,test,0.7122291947176435,0.19204006415733138,0.29980382799677036,0.19837985404419423,0.9701046802642443,0.2708152129693775,0.7291847870306225,0.26394206615295096,0.7319184070646647,52.15384615384615,108.84615384615384,147.84615384615384,71.46153846153847,29.46153846153846,1148.5384615384614
primary,no_rel,19521007,dev,0.6905724224689743,0.06585686690169255,0.11621575170972549,0.1693113226045443,0.9739497039279224,0.23033673145501057,0.7696632685449893,0.2075667643014534,0.8987812467098918,51.083333333333336,109.91666666666667,222.75,29.916666666666668,11.25,451.75
primary,no_rel,19521007,test,0.7991914518230308,0.07724411948192095,0.13855670106405332,0.13172234556200466,0.9580754062577592,0.21314187622916336,0.7868581237708365,0.2085696515480745,0.8852790274592539,52.15384615384615,108.84615384615384,221.92307692307693,31.384615384615383,10.923076923076923,447.84615384615387
primary,no_rel,19521008,dev,0.8237148268398268,0.05035648177883895,0.09243064400464907,0.12654108196871353,0.9738891739309702,0.2015899399006796,0.7984100600993206,0.2065286314402978,0.9455516828761521,51.083333333333336,109.91666666666667,234.41666666666666,24.916666666666668,7.166666666666667,340.0833333333333
primary,no_rel,19521008,test,0.831825866441251,0.05004050234734295,0.09220222523810694,0.08043251731398285,0.9773194150207183,0.1919917615436598,0.8080082384563401,0.2040452650812267,0.9094293512290533,52.15384615384615,108.84615384615384,233.6153846153846,25.692307692307693,7.0,336.61538461538464
primary,no_rel,19521009,dev,0.7188668317568574,0.1319412207660246,0.22202554618181206,0.1373337861635185,0.9629087810196085,0.21217623403921718,0.7878237659607827,0.22439998868425437,0.8041240850577612,51.083333333333336,109.91666666666667,183.66666666666666,58.083333333333336,20.166666666666668,814.4166666666666
primary,no_rel,19521009,test,0.7358828349153425,0.1296934974204531,0.21959207669970865,0.14062098484287916,0.9523761268541981,0.23215205949831,0.76784794050169,0.2292164777528835,0.8056045942541867,52.15384615384615,108.84615384615384,184.3846153846154,56.53846153846154,19.0,798.0769230769231
primary,no_rel,19521010,dev,0.6484551396316102,0.06793756623884994,0.12269118509687425,0.21332576874701373,0.9982034996618775,0.29400371858582075,0.7059962814141792,0.20723651341458452,0.8759188088293018,51.083333333333336,109.91666666666667,216.33333333333334,33.416666666666664,11.666666666666666,512.4166666666666
primary,no_rel,19521010,test,0.6842096499991238,0.08459910217015142,0.14871630457972684,0.19278939206346926,0.977358315868121,0.28152342515142137,0.7184765748485786,0.22187955801706613,0.9007324254974557,52.15384615384615,108.84615384615384,213.23076923076923,34.07692307692308,13.538461538461538,532.0769230769231
primary,no_src,19521006,dev,0.7208951187642447,0.19757603614548536,0.30872676381967634,0.21344333379503344,0.9874887889477036,0.2615163810555445,0.7384836189444554,0.26641994217041726,0.7624507895178136,51.083333333333336,109.91666666666667,146.25,74.0,30.083333333333332,1172.6666666666667
primary,no_src,19521006,test,0.7072138943016005,0.1786340904760208,0.2831105936099026,0.19292976179473642,0.9828236310722673,0.25445426640741364,0.7455457335925862,0.24891598469555706,0.7237931392378468,52.15384615384615,108.84615384615384,152.69230769230768,70.0,27.307692307692307,1101.5384615384614
primary,no_src,19521007,dev,0.7238136863136863,0.046955985204139954,0.0865032261345997,0.14485540160562674,0.9780054178771302,0.23896734286104124,0.761032657138959,0.20435750915690074,0.9327567757395082,51.083333333333336,109.91666666666667,235.41666666666666,24.166666666666668,7.0,330.8333333333333
primary,no_src,19521007,test,0.7063527284681131,0.05969315514352555,0.107556199851883,0.11589706752067822,0.969444829475419,0.22889470478756277,0.7711052952124373,0.20785510317258743,0.915244223911989,52.15384615384615,108.84615384615384,231.0,25.53846153846154,8.461538461538462,362.9230769230769
primary,no_src,19521008,dev,0.6234678364798288,0.19383383921837402,0.2947350641512849,0.2136414333683034,1.0486030865325013,0.2670527410161815,0.7329472589838185,0.3033323160816528,0.6925970409633612,51.083333333333336,109.91666666666667,117.16666666666667,92.66666666666667,34.416666666666664,1444.8333333333333
primary,no_src,19521008,test,0.694182776438274,0.20634006623886178,0.3156896385982408,0.18967506575150628,0.9996022099523816,0.24895391636641084,0.751046083633589,0.2876209290354748,0.7013569867010815,52.15384615384615,108.84615384615384,128.6153846153846,86.61538461538461,32.46153846153846,1325.6923076923076
primary,no_src,19521009,dev,0.7811162569600921,0.1630624437476287,0.2679880352238759,0.13859760386210956,0.9576156803687916,0.21776464846917312,0.7822353515308268,0.23869727919048644,0.776926253683496,51.083333333333336,109.91666666666667,166.25,69.91666666666667,22.75,976.75
primary,no_src,19521009,test,0.811812790785463,0.15793779886853535,0.2629809064594561,0.12484665581575995,0.9609893690882004,0.21927483453874028,0.7807251654612598,0.23612351378044,0.7567570308276851,52.15384615384615,108.84615384615384,168.53846153846155,67.76923076923077,21.384615384615383,945.3076923076923
primary,no_src,19521010,dev,0.6763655462184874,0.08007466680113656,0.14158104728057583,0.16581871420399188,0.9814152034661113,0.25121328552965866,0.7487867144703412,0.21122218964816417,0.8630007472495124,51.083333333333336,109.91666666666667,209.16666666666666,39.666666666666664,13.083333333333334,577.8333333333334
primary,no_src,19521010,test,0.6925496929677533,0.07642115139499056,0.13335018085130657,0.17156287176693355,0.9934137680201519,0.24861210289474422,0.7513878971052558,0.22165886922526445,0.8986336478185428,52.15384615384615,108.84615384615384,212.92307692307693,37.53846153846154,11.307692307692308,531.6923076923077
revive,m3_full,19521006,dev,0.6332442461431268,0.35137509751463686,0.4514937225654398,0.28797533187108404,1.0820944241488335,0.2975712048570319,0.7024287951429682,0.7436855738076469,0.5272244190244153,51.083333333333336,109.91666666666667,36.25,124.08333333333333,60.666666666666664,2222.5833333333335
revive,m3_full,19521006,test,0.6391040652695389,0.3529258995429056,0.45414373243895806,0.2880654611862275,1.0685353682453242,0.2933708365915392,0.7066291634084609,0.7185631929012088,0.505969014527219,52.15384615384615,108.84615384615384,37.15384615384615,122.38461538461539,59.92307692307692,2204.5384615384614
revive,m3_full,19521007,dev,0.6383830562501195,0.2929579742956243,0.4009906864850625,0.26660542039033663,1.0948637398663896,0.28754914498823575,0.7124508550117641,0.506686508841678,0.5713458499547802,51.083333333333336,109.91666666666667,58.5,117.91666666666667,50.333333333333336,2006.25
revive,m3_full,19521007,test,0.6506354332120631,0.30718233120576194,0.4156204873340147,0.25164968607510085,1.044054154595059,0.2723028331245219,0.7276971668754781,0.4987829187069337,0.5531904023011168,52.15384615384615,108.84615384615384,60.23076923076923,116.92307692307692,51.30769230769231,1979.2307692307693
revive,m3_full,19521008,dev,0.6750112032950114,0.36727393019086324,0.4753689606884171,0.2661038593378449,1.1042065104511274,0.2824719547034846,0.7175280452965153,0.8633445209571463,0.4989769002415509,51.083333333333336,109.91666666666667,29.333333333333332,132.75,59.833333333333336,2283.0833333333335
revive,m3_full,19521008,test,0.6562310987418645,0.3856383696827592,0.485210442501887,0.2481112725421774,1.0488616109644338,0.2709003167530014,0.7290996832469985,0.8478809690503238,0.4944224654483772,52.15384615384615,108.84615384615384,30.53846153846154,129.69230769230768,63.61538461538461,2263.3846153846152
revive,m3_full,19521009,dev,0.7000787538022814,0.38785607407599904,0.49832171028556754,0.23230172995362638,1.0874440239142549,0.2715601909481107,0.7284398090518894,0.9065782780094979,0.5013781790541705,51.083333333333336,109.91666666666667,28.0,138.16666666666666,61.0,2291.0
revive,m3_full,19521009,test,0.6732095149345801,0.3922735789341309,0.4955431936758128,0.24815126159943723,1.071461447927719,0.26883855973931536,0.7311614402606847,0.8577539776393205,0.49526726129872245,52.15384615384615,108.84615384615384,30.23076923076923,132.46153846153845,63.38461538461539,2263.6923076923076
revive,m3_full,19521010,dev,0.5888156955021209,0.3026128865903462,0.3994578389318377,0.3035308892798622,1.1604661119927457,0.32111306936002176,0.6788869306399783,0.6852662377219855,0.5250932423603992,51.083333333333336,109.91666666666667,39.583333333333336,121.0,56.583333333333336,2192.3333333333335
revive,m3_full,19521010,test,0.5657352956175454,0.2873942078250568,0.3805836368183995,0.3078873419123385,1.1859356465572666,0.2996289912851267,0.7003710087148733,0.6604784246122123,0.5237976194423334,52.15384615384615,108.84615384615384,42.15384615384615,119.92307692307692,55.0,2157.0
revive,no_motion,19521006,dev,0.6666213100411483,0.3733435000027705,0.47816679249794963,0.2560816923014632,1.0719298541566644,0.2808798433486924,0.7191201566513077,0.8251108531894565,0.5115243227193139,51.083333333333336,109.91666666666667,31.583333333333332,131.33333333333334,61.333333333333336,2262.0
revive,no_motion,19521006,test,0.6788852581553156,0.38099592584490094,0.48721753355919856,0.25089564332002423,1.0659104132472572,0.2687621604105649,0.7312378395894351,0.8307224878287026,0.5075997387994527,52.15384615384615,108.84615384615384,32.23076923076923,130.92307692307693,60.84615384615385,2245.230769230769
revive,no_motion,19521007,dev,0.6027526258124828,0.2141316473203735,0.31317608406470765,0.24791916573158793,1.059153529989431,0.28361131764037323,0.7163886823596268,0.3206295078691951,0.6371280227729255,51.083333333333336,109.91666666666667,103.91666666666667,96.25,38.416666666666664,1573.75
revive,no_motion,19521007,test,0.6364997743306996,0.2273447237921881,0.33396784345342184,0.2236987762057844,1.0436430021885448,0.2703964112302532,0.7296035887697467,0.3321647009654187,0.6359454326871068,52.15384615384615,108.84615384615384,101.61538461538461,96.92307692307692,38.92307692307692,1585.3846153846155
revive,no_motion,19521008,dev,0.6582547411892435,0.3775792517044551,0.47938314422427136,0.25800930567873703,1.0983812360623568,0.28720316501054377,0.7127968349894562,0.8994730848327438,0.5034615123875038,51.083333333333336,109.91666666666667,28.416666666666668,132.75,63.25,2292.25
revive,no_motion,19521008,test,0.6474302224014116,0.36809006514180276,0.4689253450798349,0.2665221499493054,1.1013639203914087,0.27558621939014954,0.7244137806098505,0.9373168093327244,0.4940254768160945,52.15384615384615,108.84615384615384,27.384615384615383,131.3846153846154,61.76923076923077,2293.230769230769
revive,no_motion,19521009,dev,0.6879090951654252,0.35484239709725457,0.4677526995715679,0.2261908262892194,1.0764063881347765,0.27277262662900587,0.7272273733709941,0.6700883166074122,0.5297539617920533,51.083333333333336,109.91666666666667,40.75,133.5,56.583333333333336,2168.1666666666665
revive,no_motion,19521009,test,0.6800832642852779,0.337158575504232,0.45018326069105213,0.23447070908733547,1.0889692279398788,0.26024841362022333,0.7397515863797767,0.6472538615469515,0.5319547593291754,52.15384615384615,108.84615384615384,43.46153846153846,131.15384615384616,53.92307692307692,2132.6923076923076
revive,no_motion,19521010,dev,0.6495015842848814,0.27906347286124933,0.38912196340351773,0.2398194957850359,1.0700438026864865,0.27733750968241266,0.7226624903175872,0.43183467781515245,0.5756359207998416,51.083333333333336,109.91666666666667,70.33333333333333,116.5,47.333333333333336,1889.3333333333333
revive,no_motion,19521010,test,0.6479770591015631,0.2565029363560049,0.3649957827363037,0.24334862853411693,1.05510543407724,0.27060919569826763,0.7293908043017324,0.3936395865969973,0.6007636678615978,52.15384615384615,108.84615384615384,82.23076923076923,109.38461538461539,42.61538461538461,1766.7692307692307
revive,no_time,19521006,dev,0.6868361981319877,0.3768878989505164,0.4860094435509655,0.2561151453590865,1.0437999384782082,0.2877592611885528,0.7122407388114471,0.7794341162746825,0.5044870402222422,51.083333333333336,109.91666666666667,33.0,127.75,60.5,2251.4166666666665
revive,no_time,19521006,test,0.6943150329756625,0.37893558261741234,0.48976549207624925,0.2565360065938306,1.041828966398391,0.28730204759740663,0.7126979524025934,0.7592242670564235,0.4974859461064745,52.15384615384615,108.84615384615384,34.53846153846154,125.46153846153847,59.30769230769231,2227.6153846153848
revive,no_time,19521007,dev,0.5980217778220779,0.3008308346961774,0.3989359557981787,0.2914254846618243,1.1057049231541953,0.2961070784922198,0.7038929215077802,0.5445476743008558,0.5581266285737021,51.083333333333336,109.91666666666667,53.0,118.5,54.916666666666664,2060.6666666666665
revive,no_time,19521007,test,0.6355172251096501,0.29681777373508,0.40326299989760184,0.24240621691466607,1.0669407894877023,0.28486951751902,0.7151304824809799,0.49360368019482326,0.5457775408853743,52.15384615384615,108.84615384615384,59.15384615384615,115.84615384615384,50.69230769230769,1991.076923076923
revive,no_time,19521008,dev,0.6238634758500777,0.3429791510812623,0.44229540293206565,0.27175849164466076,1.1330225839966985,0.2775682911573661,0.7224317088426341,0.7921044631741675,0.5039461979191818,51.083333333333336,109.91666666666667,32.75,131.5,60.416666666666664,2250.1666666666665
revive,no_time,19521008,test,0.6771320277755186,0.37956989330566987,0.48598210768772643,0.2613518709303178,1.0489448572277091,0.26736263824027434,0.7326373617597256,0.7320837244378868,0.5102842127444309,52.15384615384615,108.84615384615384,36.76923076923077,127.3076923076923,60.92307692307692,2203.4615384615386
revive,no_time,19521009,dev,0.6945639832726523,0.39232504752861214,0.5010814933301501,0.249919042722759,1.053324387334271,0.27993022689454666,0.7200697731054534,0.8413727123640098,0.5017471412323432,51.083333333333336,109.91666666666667,30.25,133.41666666666666,62.0,2273.25
revive,no_time,19521009,test,0.657320762517966,0.36860095517781544,0.472155783423025,0.24780974640321768,1.0898563600079876,0.2706115541849494,0.7293884458150507,0.8385282758892327,0.49983636272211274,52.15384615384615,108.84615384615384,31.076923076923077,132.23076923076923,61.0,2255.4615384615386
revive,no_time,19521010,dev,0.6741272875577562,0.1904463637586389,0.29257951103727764,0.20292312732883044,0.9872411682142697,0.2708865327337325,0.7291134672662672,0.2799368311214451,0.7165151696081042,51.083333333333336,109.91666666666667,134.33333333333334,81.91666666666667,31.5,1283.9166666666667
revive,no_time,19521010,test,0.6444643307641489,0.18732602712601415,0.2875549195994106,0.2180879094029118,1.052524076424542,0.25139323901299887,0.7486067609870013,0.2964255147053954,0.6933242175746452,52.15384615384615,108.84615384615384,124.6923076923077,88.92307692307692,31.076923076923077,1362.6153846153845
revive,no_state,19521006,dev,0.6255254829882647,0.32622318662316024,0.42777499538589653,0.2851413766345819,1.081215204964139,0.3030239590398841,0.696976040960116,0.6283478644284377,0.5458774589185175,51.083333333333336,109.91666666666667,46.916666666666664,118.33333333333333,57.166666666666664,2121.6666666666665
revive,no_state,19521006,test,0.6177595213875482,0.3146611316763423,0.41494534785562465,0.28197605798316155,1.072043166806808,0.2891762126343544,0.7108237873656458,0.5834067437243611,0.5338887161783085,52.15384615384615,108.84615384615384,51.0,116.61538461538461,55.61538461538461,2071.846153846154
revive,no_state,19521007,dev,0.6457583869113318,0.31561389243501553,0.42309253884425546,0.27761680785058684,1.08156855898098,0.2949967251987396,0.7050032748012605,0.5584894367819869,0.5488394599855236,51.083333333333336,109.91666666666667,50.916666666666664,118.08333333333333,53.833333333333336,2081.9166666666665
revive,no_state,19521007,test,0.6183552401762873,0.2953609439878087,0.39878633053434165,0.2784580120024883,1.0877898295205803,0.2908242786679194,0.7091757213320806,0.5221359628845009,0.5378514293365405,52.15384615384615,108.84615384615384,55.23076923076923,115.07692307692308,52.23076923076923,2031.076923076923
revive,no_state,19521008,dev,0.6413342377087005,0.333481870376578,0.43836735425538564,0.2533340358174212,1.1510396842766835,0.2786519634941089,0.7213480365058911,0.727200846404584,0.5217080707574405,51.083333333333336,109.91666666666667,36.75,134.25,57.166666666666664,2207.4166666666665
revive,no_state,19521008,test,0.6472082235970588,0.3405511091188704,0.44547621752819594,0.23465312953899356,1.1211198710827333,0.26167208917506835,0.7383279108249318,0.7118929592964567,0.5119183488757679,52.15384615384615,108.84615384615384,38.07692307692308,132.6153846153846,57.07692307692308,2185.076923076923
revive,no_state,19521009,dev,0.6968653077701029,0.41175270135332515,0.5172010903074982,0.226375876867406,1.0412359144495487,0.2665475056439403,0.7334524943560597,0.8468930288793795,0.5007140848985351,51.083333333333336,109.91666666666667,30.083333333333332,137.08333333333334,64.83333333333333,2271.25
revive,no_state,19521009,test,0.7079906955507306,0.4006479601826264,0.5106840372771567,0.22567474315609326,1.0437583810811004,0.25554445061772746,0.7444555493822725,0.8269311403698718,0.49981800334491877,52.15384615384615,108.84615384615384,31.53846153846154,134.53846153846155,61.30769230769231,2248.5384615384614
revive,no_state,19521010,dev,0.6160047589400355,0.29898477320721945,0.4009450055264625,0.2693067798212433,1.0893032680605732,0.28195105484557786,0.7180489451544222,0.5281536991160639,0.5692635617238485,51.083333333333336,109.91666666666667,57.833333333333336,117.83333333333333,53.25,2013.0
revive,no_state,19521010,test,0.6243104107863806,0.29032491863732185,0.3935715977486027,0.27378800314262064,1.1151449035445458,0.2732490733615937,0.7267509266384062,0.5296912504716779,0.5506762013057385,52.15384615384615,108.84615384615384,57.69230769230769,117.76923076923077,50.23076923076923,2003.7692307692307
revive,no_rel,19521006,dev,0.6062163091221406,0.3413149036507206,0.4362284296282519,0.2991538625028251,1.1387807598035085,0.3064943519671301,0.69350564803287,0.8097743910782705,0.5004059020962494,51.083333333333336,109.91666666666667,31.333333333333332,126.58333333333333,61.583333333333336,2269.25
revive,no_rel,19521006,test,0.626287490458638,0.3572022509964769,0.4543849344159823,0.29325206550688104,1.1130159196763512,0.29194059424529406,0.7080594057547059,0.8236890415486292,0.4946648543884307,52.15384615384615,108.84615384615384,32.15384615384615,124.6923076923077,61.84615384615385,2252.230769230769
revive,no_rel,19521007,dev,0.6612281900709013,0.26270997910572236,0.3742900567324427,0.24921212461106632,1.0138188107430433,0.27753326043185716,0.7224667395681429,0.3542825009208373,0.623188850684428,51.083333333333336,109.91666666666667,93.5,100.58333333333333,43.416666666666664,1673.5833333333333
revive,no_rel,19521007,test,0.7012846467591729,0.2735297856429869,0.3918758136051333,0.2213189589676506,0.9913479542176128,0.26030644135323944,0.7396935586467606,0.3619473718534821,0.6260108418336396,52.15384615384615,108.84615384615384,92.6923076923077,101.6923076923077,42.30769230769231,1669.8461538461538
revive,no_rel,19521008,dev,0.6694023694688696,0.2221525257853978,0.32924730588153756,0.21624857416963472,1.024005478539878,0.27441118719698315,0.7255888128030169,0.3364754686484246,0.6835937710973647,51.083333333333336,109.91666666666667,109.08333333333333,96.0,36.75,1522.3333333333333
revive,no_rel,19521008,test,0.6599076264239431,0.21822382425979187,0.323866707137087,0.202060251533519,1.040074685241164,0.26291969946040217,0.7370803005395978,0.3266289121425076,0.6519531504572259,52.15384615384615,108.84615384615384,110.61538461538461,95.23076923076923,36.07692307692308,1497.076923076923
revive,no_rel,19521009,dev,0.6620454334268836,0.35221955010330325,0.45883731362260377,0.22503825418074017,1.1011459925319738,0.26678163538882355,0.7332183646111764,0.6912440776200168,0.5241634882288907,51.083333333333336,109.91666666666667,39.0,135.5,58.416666666666664,2183.6666666666665
revive,no_rel,19521009,test,0.6738387253838525,0.38242471185558446,0.4872005736699257,0.22969147078392133,1.0330389565518596,0.263855245684538,0.7361447543154619,0.733948940028567,0.5053834481117419,52.15384615384615,108.84615384615384,36.07692307692308,130.46153846153845,61.76923076923077,2207.230769230769
revive,no_rel,19521010,dev,0.6138479135049256,0.21670430064479107,0.31995202850538296,0.24662607430058217,1.0684459652648057,0.2889258874111415,0.7110741125888586,0.3276186203150548,0.6306277779858791,51.083333333333336,109.91666666666667,99.0,99.91666666666667,38.583333333333336,1619.25
revive,no_rel,19521010,test,0.5915293561781857,0.2083196376250379,0.306455837418584,0.24811337143648898,1.0599670806611032,0.28595784564617727,0.7140421543538227,0.33066908164864284,0.647161870309499,52.15384615384615,108.84615384615384,103.07692307692308,95.53846153846153,38.07692307692308,1572.1538461538462
revive,no_src,19521006,dev,0.6747957738274294,0.38000247534992043,0.48519642025782533,0.27618045503181365,1.0625219639002295,0.29080024706410745,0.7091997529358925,0.8275012755886394,0.5147656314430787,51.083333333333336,109.91666666666667,31.75,127.41666666666667,61.666666666666664,2264.25
revive,no_src,19521006,test,0.7025113541678246,0.3983350707387786,0.5076935252421261,0.2595405896223352,1.0041408655020976,0.27745555781996,0.7225444421800401,0.7658846264578579,0.5010907670599043,52.15384615384615,108.84615384615384,34.38461538461539,125.15384615384616,61.61538461538461,2229.4615384615386
revive,no_src,19521007,dev,0.6396912920372987,0.2527527760154403,0.3611419169338605,0.24432269041742993,1.0318048723764743,0.30720972766169397,0.6927902723383058,0.3683619718292785,0.6127313743352,51.083333333333336,109.91666666666667,87.58333333333333,102.0,43.083333333333336,1731.3333333333333
revive,no_src,19521007,test,0.6558653668946922,0.25423850053832014,0.36277034677139486,0.2552115829263089,1.043569970202126,0.2947917634943782,0.7052082365056218,0.3814610467638323,0.5931586636647752,52.15384615384615,108.84615384615384,86.38461538461539,102.0,42.07692307692308,1732.6153846153845
revive,no_src,19521008,dev,0.592450680417916,0.3338383442832722,0.426310918794682,0.2837765933992001,1.1450210862402288,0.29764112828377454,0.7023588717162256,0.8945313772112068,0.4913770549693999,51.083333333333336,109.91666666666667,27.916666666666668,128.83333333333334,61.75,2301.1666666666665
revive,no_src,19521008,test,0.6351306667142114,0.3537079041067629,0.4539634859654394,0.2803520426289484,1.1257890748757549,0.28371921068068545,0.7162807893193145,0.8529373913841133,0.489586512439454,52.15384615384615,108.84615384615384,30.076923076923077,128.15384615384616,60.69230769230769,2269.5384615384614
revive,no_src,19521009,dev,0.6964816994540928,0.3798350014753837,0.4914035603398741,0.22827540176503183,1.0773942451887133,0.2627113955732221,0.7372886044267778,0.7676901901285204,0.5086450951412068,51.083333333333336,109.91666666666667,33.916666666666664,136.66666666666666,59.916666666666664,2233.3333333333335
revive,no_src,19521009,test,0.6860733443819313,0.3715595465006175,0.4816096795252859,0.23162170087900558,1.0854856684755196,0.2600641452897579,0.739935854710242,0.757838771822546,0.5070188294684367,52.15384615384615,108.84615384615384,35.15384615384615,135.30769230769232,59.0,2211.6153846153848
revive,no_src,19521010,dev,0.6299621250082116,0.2698057168225049,0.3746271256466578,0.24820086785643344,1.068531073552817,0.28844435135180574,0.7115556486481943,0.4268265475031243,0.600850711902422,51.083333333333336,109.91666666666667,76.66666666666667,110.08333333333333,46.916666666666664,1832.4166666666667
revive,no_src,19521010,test,0.668416331547706,0.2674908983689487,0.3810388337871159,0.24311785497551458,1.0724338410831995,0.27004902498907557,0.7299509750109242,0.3957664963604911,0.6091240194986558,52.15384615384615,108.84615384615384,82.38461538461539,109.46153846153847,43.61538461538461,1765.1538461538462
