variant,seed,split,margin,n_gold_matches,n_pred_matches,precision,recall,f1,wrong_merge_rate,fragmentation_rate,trajectory_consistency_rate,impossible_transition_rate,n_transitions,n_impossible_transitions,dangling_precision,dangling_recall,n_gold_dangling,n_pred_dangling,n_pred_identities,n_wrong_merges,scenario_id
m3_full,19521006,dev,0.0,113,34,0.8529411764705882,0.25663716814159293,0.3945578231292517,0.1111111111111111,0.911504424778761,0.8037383177570093,0.19626168224299065,1391,273,0.28,0.7291666666666666,48,125,99,11,sec_dev_0000
m3_full,19521006,dev,0.7,113,59,0.7966101694915254,0.415929203539823,0.5465116279069766,0.2013888888888889,1.0265486725663717,0.7678729037952339,0.2321270962047661,2266,526,0.7878787878787878,0.5416666666666666,48,33,144,29,sec_dev_0000
m3_full,19521006,dev,0.0,111,36,0.75,0.24324324324324326,0.3673469387755103,0.17777777777777778,0.9459459459459459,0.7618705035971223,0.2381294964028777,1390,331,0.28225806451612906,0.7,50,124,90,16,sec_dev_0001
m3_full,19521006,dev,0.7,111,61,0.6229508196721312,0.34234234234234234,0.441860465116279,0.23741007194244604,1.1261261261261262,0.7222946544980443,0.2777053455019557,2301,639,0.8571428571428571,0.48,50,28,139,33,sec_dev_0001
m3_full,19521006,dev,0.0,112,27,0.7407407407407407,0.17857142857142858,0.28776978417266186,0.12195121951219512,0.9464285714285714,0.7805100182149363,0.21948998178506376,1098,241,0.22580645161290322,0.7142857142857143,49,155,82,10,sec_dev_0002
m3_full,19521006,dev,0.7,112,64,0.671875,0.38392857142857145,0.4886363636363637,0.3076923076923077,1.0535714285714286,0.7231818181818181,0.2768181818181818,2200,609,0.65,0.5306122448979592,49,40,130,40,sec_dev_0002
m3_full,19521006,dev,0.0,104,37,0.6756756756756757,0.2403846153846154,0.3546099290780142,0.1411764705882353,0.8942307692307693,0.7678431372549019,0.23215686274509803,1275,296,0.29457364341085274,0.6666666666666666,57,129,85,12,sec_dev_0003
m3_full,19521006,dev,0.7,104,59,0.7288135593220338,0.41346153846153844,0.5276073619631901,0.17424242424242425,0.9807692307692307,0.736455463728191,0.263544536271809,2178,574,0.7647058823529411,0.45614035087719296,57,34,132,23,sec_dev_0003
m3_full,19521006,dev,0.0,117,39,0.8205128205128205,0.27350427350427353,0.41025641025641024,0.14150943396226415,0.9145299145299145,0.7757306226175349,0.22426937738246505,1574,353,0.2727272727272727,0.6818181818181818,44,110,106,15,sec_dev_0004
m3_full,19521006,dev,0.7,117,67,0.7761194029850746,0.4444444444444444,0.5652173913043478,0.2097902097902098,0.9829059829059829,0.7592671495526204,0.24073285044737963,2347,565,0.896551724137931,0.5909090909090909,44,29,143,30,sec_dev_0004
m3_full,19521006,dev,0.0,121,41,0.7317073170731707,0.24793388429752067,0.37037037037037035,0.2222222222222222,1.0495867768595042,0.7352245862884161,0.2647754137115839,1692,448,0.28431372549019607,0.725,40,102,108,24,sec_dev_0005
m3_full,19521006,dev,0.7,121,59,0.711864406779661,0.34710743801652894,0.4666666666666667,0.26573426573426573,1.1322314049586777,0.7167308515190415,0.2832691484809585,2337,662,0.7647058823529411,0.65,40,34,143,38,sec_dev_0005
m3_full,19521006,dev,0.0,106,28,0.75,0.19811320754716982,0.3134328358208955,0.10975609756097561,0.9528301886792453,0.7928692699490663,0.2071307300509338,1178,244,0.2765957446808511,0.7090909090909091,55,141,82,9,sec_dev_0006
m3_full,19521006,dev,0.7,106,62,0.7419354838709677,0.4339622641509434,0.5476190476190477,0.21804511278195488,1.009433962264151,0.7263017356475301,0.27369826435246997,2247,615,0.8620689655172413,0.45454545454545453,55,29,133,29,sec_dev_0006
m3_full,19521006,dev,0.0,107,40,0.75,0.2803738317757009,0.40816326530612235,0.19101123595505617,0.8691588785046729,0.6981891348088531,0.30181086519114686,1491,450,0.3090909090909091,0.6296296296296297,54,110,89,17,sec_dev_0007
m3_full,19521006,dev,0.7,107,60,0.7333333333333333,0.411214953271028,0.5269461077844312,0.21481481481481482,1.0467289719626167,0.6915032679738562,0.3084967320261438,2295,708,0.96,0.4444444444444444,54,25,135,29,sec_dev_0007
m3_full,19521006,dev,0.0,109,39,0.6923076923076923,0.24770642201834864,0.36486486486486486,0.22826086956521738,0.963302752293578,0.7232746955345061,0.2767253044654939,1478,409,0.30973451327433627,0.6730769230769231,52,113,92,21,sec_dev_0008
m3_full,19521006,dev,0.7,109,70,0.7,0.44954128440366975,0.547486033519553,0.2578125,0.9724770642201835,0.7244809688581315,0.2755190311418685,2312,637,1.0,0.5,52,26,128,33,sec_dev_0008
m3_full,19521006,dev,0.0,110,36,0.8333333333333334,0.2727272727272727,0.4109589041095891,0.2079207920792079,0.9818181818181818,0.7978652434956638,0.2021347565043362,1499,303,0.3153153153153153,0.6862745098039216,51,111,101,21,sec_dev_0009
m3_full,19521006,dev,0.7,110,54,0.7037037037037037,0.34545454545454546,0.4634146341463415,0.24822695035460993,1.190909090909091,0.751873071837814,0.24812692816218598,2269,563,0.8,0.47058823529411764,51,30,141,35,sec_dev_0009
m3_full,19521006,dev,0.0,104,34,0.6470588235294118,0.21153846153846154,0.31884057971014496,0.24390243902439024,0.9807692307692307,0.7025602409638554,0.29743975903614456,1328,395,0.3225806451612903,0.7017543859649122,57,124,82,20,sec_dev_0010
m3_full,19521006,dev,0.7,104,62,0.6612903225806451,0.3942307692307692,0.49397590361445776,0.23134328358208955,1.0673076923076923,0.7140957446808511,0.2859042553191489,2256,645,1.0,0.45614035087719296,57,26,134,31,sec_dev_0010
m3_full,19521006,dev,0.0,105,31,0.7419354838709677,0.21904761904761905,0.338235294117647,0.1553398058252427,1.0571428571428572,0.7845944103612815,0.21540558963871848,1467,316,0.3119266055045872,0.6071428571428571,56,109,103,16,sec_dev_0011
m3_full,19521006,dev,0.7,105,58,0.6379310344827587,0.3523809523809524,0.45398773006134974,0.2446043165467626,1.161904761904762,0.7568049977688531,0.24319500223114682,2241,545,0.8571428571428571,0.42857142857142855,56,28,139,34,sec_dev_0011
m3_full,19521006,test,0.0,110,32,0.75,0.21818181818181817,0.3380281690140845,0.1411764705882353,0.9090909090909091,0.7850980392156863,0.21490196078431373,1275,274,0.25925925925925924,0.6862745098039216,51,135,85,12,sec_test_0000
m3_full,19521006,test,0.7,110,63,0.7619047619047619,0.43636363636363634,0.5549132947976878,0.18439716312056736,0.9727272727272728,0.769809650287738,0.23019034971226207,2259,520,0.8064516129032258,0.49019607843137253,51,31,141,26,sec_test_0000
m3_full,19521006,test,0.0,106,39,0.717948717948718,0.2641509433962264,0.38620689655172413,0.14705882352941177,0.9811320754716981,0.7576769025367156,0.24232309746328437,1498,363,0.37383177570093457,0.7272727272727273,55,107,102,15,sec_test_0001
m3_full,19521006,test,0.7,106,62,0.6935483870967742,0.4056603773584906,0.5119047619047619,0.18571428571428572,1.0566037735849056,0.7342222222222222,0.2657777777777778,2250,598,0.8928571428571429,0.45454545454545453,55,28,140,26,sec_test_0001
m3_full,19521006,test,0.0,114,34,0.6176470588235294,0.18421052631578946,0.28378378378378377,0.22826086956521738,1.0263157894736843,0.7400568181818181,0.2599431818181818,1408,366,0.288,0.7659574468085106,47,125,92,21,sec_test_0002
m3_full,19521006,test,0.7,114,63,0.5873015873015873,0.32456140350877194,0.4180790960451978,0.29411764705882354,1.1929824561403508,0.7255834053586863,0.27441659464131374,2314,635,0.8666666666666667,0.5531914893617021,47,30,136,40,sec_test_0002
m3_full,19521006,test,0.0,111,29,0.7241379310344828,0.1891891891891892,0.30000000000000004,0.15625,0.9459459459459459,0.7732644017725259,0.22673559822747416,1354,307,0.2677165354330709,0.68,50,127,96,15,sec_test_0003
m3_full,19521006,test,0.7,111,61,0.7049180327868853,0.38738738738738737,0.5,0.2246376811594203,1.054054054054054,0.7391688770999116,0.2608311229000884,2262,590,0.78125,0.5,50,32,138,31,sec_test_0003
m3_full,19521006,test,0.0,109,23,0.7391304347826086,0.1559633027522936,0.2575757575757576,0.15294117647058825,0.981651376146789,0.7363265306122448,0.2636734693877551,1225,323,0.2302158273381295,0.6153846153846154,52,139,85,13,sec_test_0004
m3_full,19521006,test,0.7,109,51,0.7647058823529411,0.3577981651376147,0.48749999999999993,0.24817518248175183,1.110091743119266,0.7330912392192465,0.26690876078075354,2203,588,0.7222222222222222,0.5,52,36,137,34,sec_test_0004
m3_full,19521006,test,0.0,107,43,0.7209302325581395,0.2897196261682243,0.41333333333333333,0.2127659574468085,0.9252336448598131,0.7669220945083014,0.2330779054916986,1566,365,0.3333333333333333,0.6296296296296297,54,102,94,20,sec_test_0005
m3_full,19521006,test,0.7,107,58,0.7413793103448276,0.40186915887850466,0.5212121212121212,0.23484848484848486,1.0093457943925233,0.7419210053859964,0.2580789946140036,2228,575,0.78125,0.46296296296296297,54,32,132,31,sec_test_0005
m3_full,19521006,test,0.0,108,21,0.6190476190476191,0.12037037037037036,0.20155038759689922,0.12658227848101267,1.0185185185185186,0.7756584922797457,0.22434150772025432,1101,247,0.2847682119205298,0.8113207547169812,53,151,79,10,sec_test_0006
m3_full,19521006,test,0.7,108,53,0.6037735849056604,0.2962962962962963,0.39751552795031053,0.21323529411764705,1.1296296296296295,0.7609099350046425,0.23909006499535748,2154,515,0.65,0.49056603773584906,53,40,136,29,sec_test_0006
m3_full,19521006,test,0.0,112,34,0.8235294117647058,0.25,0.3835616438356164,0.1414141414141414,0.9285714285714286,0.7645003494060097,0.23549965059399022,1431,337,0.2916666666666667,0.7142857142857143,49,120,99,14,sec_test_0007
m3_full,19521006,test,0.7,112,62,0.7258064516129032,0.4017857142857143,0.517241379310345,0.19718309859154928,1.0625,0.7338222605694564,0.26617773943054357,2318,617,0.9259259259259259,0.5102040816326531,49,27,142,28,sec_test_0007
m3_full,19521006,test,0.0,106,41,0.6829268292682927,0.2641509433962264,0.38095238095238093,0.16494845360824742,0.9339622641509434,0.7482292337411462,0.2517707662588538,1553,391,0.38235294117647056,0.7090909090909091,55,102,97,16,sec_test_0008
m3_full,19521006,test,0.7,106,57,0.6666666666666666,0.3584905660377358,0.4662576687116564,0.18382352941176472,1.1132075471698113,0.7188057040998217,0.28119429590017825,2244,631,0.896551724137931,0.4727272727272727,55,29,136,25,sec_test_0008
m3_full,19521006,test,0.0,108,26,0.5384615384615384,0.12962962962962962,0.208955223880597,0.15384615384615385,1.0925925925925926,0.7723970944309928,0.22760290556900725,1239,282,0.25735294117647056,0.660377358490566,53,136,91,14,sec_test_0009
m3_full,19521006,test,0.7,108,59,0.559322033898305,0.3055555555555556,0.39520958083832336,0.3114754098360656,1.1944444444444444,0.7239858906525574,0.2760141093474427,2268,626,0.8333333333333334,0.4716981132075472,53,30,122,38,sec_test_0009
m3_full,19521006,test,0.0,110,27,0.7777777777777778,0.19090909090909092,0.30656934306569344,0.1956521739130435,1.0272727272727273,0.7782874617737003,0.2217125382262997,1308,290,0.2824427480916031,0.7254901960784313,51,131,92,18,sec_test_0010
m3_full,19521006,test,0.7,110,59,0.7796610169491526,0.41818181818181815,0.5443786982248521,0.23741007194244604,1.0727272727272728,0.7518470230334637,0.2481529769665363,2301,571,0.9259259259259259,0.49019607843137253,51,27,139,33,sec_test_0010
m3_full,19521006,test,0.0,98,40,0.75,0.30612244897959184,0.43478260869565216,0.1276595744680851,0.8673469387755102,0.7104913678618858,0.28950863213811423,1506,436,0.37373737373737376,0.5873015873015873,63,99,94,12,sec_test_0011
m3_full,19521006,test,0.7,98,61,0.7377049180327869,0.45918367346938777,0.5660377358490566,0.16030534351145037,0.9387755102040817,0.7181361352215623,0.28186386477843767,2189,617,0.9259259259259259,0.3968253968253968,63,27,131,21,sec_test_0011
m3_full,19521006,test,0.0,116,35,0.8857142857142857,0.2672413793103448,0.4105960264900662,0.1836734693877551,0.9655172413793104,0.7634048257372654,0.23659517426273458,1492,353,0.2457627118644068,0.6444444444444445,45,118,98,18,sec_test_0012
m3_full,19521006,test,0.7,116,60,0.75,0.3879310344827586,0.5113636363636364,0.22695035460992907,1.0603448275862069,0.745740498034076,0.254259501965924,2289,582,0.7352941176470589,0.5555555555555556,45,34,141,32,sec_test_0012
no_motion,19521006,dev,0.0,113,28,0.75,0.18584070796460178,0.2978723404255319,0.21428571428571427,1.0176991150442478,0.7842565597667639,0.21574344023323616,1372,296,0.28346456692913385,0.75,48,127,98,21,sec_dev_0000
no_motion,19521006,dev,0.7,113,54,0.7407407407407407,0.35398230088495575,0.47904191616766467,0.3049645390070922,1.1946902654867257,0.7148353997434801,0.2851646002565199,2339,667,0.9615384615384616,0.5208333333333334,48,26,141,43,sec_dev_0000
no_motion,19521006,dev,0.0,111,43,0.7441860465116279,0.2882882882882883,0.4155844155844156,0.2037037037037037,0.972972972972973,0.75,0.25,1712,428,0.34444444444444444,0.62,50,90,108,22,sec_dev_0001
no_motion,19521006,dev,0.7,111,66,0.6818181818181818,0.40540540540540543,0.5084745762711864,0.22627737226277372,1.072072072072072,0.7299614230604372,0.2700385769395628,2333,630,0.96,0.48,50,25,137,31,sec_dev_0001
no_motion,19521006,dev,0.0,112,39,0.8205128205128205,0.2857142857142857,0.42384105960264895,0.14432989690721648,0.8571428571428571,0.7786366830639494,0.2213633169360506,1423,315,0.2727272727272727,0.673469387755102,49,121,97,14,sec_dev_0002
no_motion,19521006,dev,0.7,112,65,0.8,0.4642857142857143,0.5875706214689266,0.19852941176470587,0.8839285714285714,0.7279860505666957,0.27201394943330426,2294,624,0.8333333333333334,0.5102040816326531,49,30,136,27,sec_dev_0002
no_motion,19521006,dev,0.0,104,44,0.6363636363636364,0.2692307692307692,0.37837837837837834,0.2079207920792079,1.0,0.7368746139592341,0.2631253860407659,1619,426,0.3870967741935484,0.631578947368421,57,93,101,21,sec_dev_0003
no_motion,19521006,dev,0.7,104,64,0.640625,0.3942307692307692,0.4880952380952381,0.25,1.0480769230769231,0.7096342551293489,0.2903657448706512,2242,651,0.9285714285714286,0.45614035087719296,57,28,128,32,sec_dev_0003
no_motion,19521006,dev,0.0,117,33,0.8484848484848485,0.23931623931623933,0.37333333333333335,0.125,0.9829059829059829,0.7757009345794392,0.22429906542056074,1498,336,0.26495726495726496,0.7045454545454546,44,117,112,14,sec_dev_0004
no_motion,19521006,dev,0.7,117,63,0.7142857142857143,0.38461538461538464,0.5,0.2482758620689655,1.1025641025641026,0.7369978858350952,0.2630021141649049,2365,622,0.9259259259259259,0.5681818181818182,44,27,145,36,sec_dev_0004
no_motion,19521006,dev,0.0,121,51,0.6862745098039216,0.2892561983471074,0.4069767441860465,0.20353982300884957,0.9504132231404959,0.7598178713716562,0.24018212862834376,1757,422,0.29473684210526313,0.7,40,95,113,23,sec_dev_0005
no_motion,19521006,dev,0.7,121,72,0.6944444444444444,0.4132231404958678,0.5181347150259067,0.2535211267605634,1.0578512396694215,0.7249793217535153,0.2750206782464847,2418,665,0.9615384615384616,0.625,40,26,142,36,sec_dev_0005
no_motion,19521006,dev,0.0,106,42,0.7619047619047619,0.3018867924528302,0.43243243243243246,0.1391304347826087,0.9245283018867925,0.8006191950464396,0.19938080495356036,1615,322,0.3617021276595745,0.6181818181818182,55,94,115,16,sec_dev_0006
no_motion,19521006,dev,0.7,106,61,0.7540983606557377,0.4339622641509434,0.5508982035928143,0.19863013698630136,1.0377358490566038,0.7584670231729055,0.2415329768270945,2244,542,0.9285714285714286,0.4727272727272727,55,28,146,29,sec_dev_0006
no_motion,19521006,dev,0.0,107,29,0.7586206896551724,0.205607476635514,0.3235294117647059,0.09734513274336283,1.0186915887850467,0.7336919973100202,0.26630800268997984,1487,396,0.2777777777777778,0.5555555555555556,54,108,113,11,sec_dev_0007
no_motion,19521006,dev,0.7,107,57,0.7719298245614035,0.411214953271028,0.5365853658536585,0.22388059701492538,1.0467289719626167,0.6928822495606327,0.3071177504393673,2276,699,0.9259259259259259,0.46296296296296297,54,27,134,30,sec_dev_0007
no_motion,19521006,dev,0.0,109,34,0.6176470588235294,0.1926605504587156,0.29370629370629375,0.25,1.1009174311926606,0.7167741935483871,0.2832258064516129,1550,439,0.34285714285714286,0.6923076923076923,52,105,100,25,sec_dev_0008
no_motion,19521006,dev,0.7,109,60,0.6166666666666667,0.3394495412844037,0.43786982248520717,0.27941176470588236,1.238532110091743,0.7112736660929432,0.2887263339070568,2324,671,1.0,0.46153846153846156,52,24,136,38,sec_dev_0008
no_motion,19521006,dev,0.0,110,40,0.65,0.23636363636363636,0.3466666666666666,0.25663716814159293,1.1,0.7572982255294791,0.24270177447052088,1747,424,0.3764705882352941,0.6274509803921569,51,85,113,29,sec_dev_0009
no_motion,19521006,dev,0.7,110,57,0.7017543859649122,0.36363636363636365,0.4790419161676646,0.24475524475524477,1.190909090909091,0.75118177911474,0.24881822088525998,2327,579,1.0,0.47058823529411764,51,24,143,35,sec_dev_0009
no_motion,19521006,dev,0.0,104,39,0.6666666666666666,0.25,0.36363636363636365,0.14285714285714285,0.9711538461538461,0.7431309904153355,0.2568690095846645,1565,402,0.3877551020408163,0.6666666666666666,57,98,105,15,sec_dev_0010
no_motion,19521006,dev,0.7,104,63,0.6825396825396826,0.41346153846153844,0.5149700598802395,0.17142857142857143,1.0,0.7216814159292035,0.27831858407079646,2260,629,0.92,0.40350877192982454,57,25,140,24,sec_dev_0010
no_motion,19521006,dev,0.0,105,37,0.6486486486486487,0.22857142857142856,0.3380281690140845,0.2403846153846154,1.0380952380952382,0.7800751879699248,0.2199248120300752,1596,351,0.3333333333333333,0.5714285714285714,56,96,104,25,sec_dev_0011
no_motion,19521006,dev,0.7,105,52,0.6538461538461539,0.3238095238095238,0.43312101910828027,0.2391304347826087,1.1904761904761905,0.7460387323943662,0.2539612676056338,2272,577,0.96,0.42857142857142855,56,25,138,33,sec_dev_0011
no_motion,19521006,test,0.0,110,39,0.717948717948718,0.2545454545454545,0.3758389261744966,0.125,1.009090909090909,0.8028785982478097,0.19712140175219023,1598,315,0.31,0.6078431372549019,51,100,112,14,sec_test_0000
no_motion,19521006,test,0.7,110,62,0.5645161290322581,0.3181818181818182,0.40697674418604646,0.22142857142857142,1.209090909090909,0.7558951965065502,0.2441048034934498,2290,559,0.8928571428571429,0.49019607843137253,51,28,140,31,sec_test_0000
no_motion,19521006,test,0.0,106,45,0.7555555555555555,0.32075471698113206,0.4503311258278146,0.13392857142857142,0.9150943396226415,0.7747252747252747,0.22527472527472528,1638,369,0.3804347826086957,0.6363636363636364,55,92,112,15,sec_test_0001
no_motion,19521006,test,0.7,106,69,0.7101449275362319,0.46226415094339623,0.56,0.1956521739130435,0.9811320754716981,0.7397020157756354,0.26029798422436456,2282,594,1.0,0.45454545454545453,55,25,138,27,sec_test_0001
no_motion,19521006,test,0.0,114,38,0.7105263157894737,0.23684210526315788,0.35526315789473684,0.22321428571428573,1.0789473684210527,0.7529620853080569,0.24703791469194314,1688,417,0.3473684210526316,0.7021276595744681,47,95,112,25,sec_test_0002
no_motion,19521006,test,0.7,114,65,0.7076923076923077,0.40350877192982454,0.5139664804469274,0.24285714285714285,1.0614035087719298,0.7307692307692308,0.2692307692307692,2340,630,0.9629629629629629,0.5531914893617021,47,27,140,34,sec_test_0002
no_motion,19521006,test,0.0,111,32,0.84375,0.24324324324324326,0.37762237762237766,0.12121212121212122,0.9279279279279279,0.7897853441894893,0.21021465581051074,1351,284,0.2677165354330709,0.68,50,127,99,12,sec_test_0003
no_motion,19521006,test,0.7,111,67,0.7313432835820896,0.44144144144144143,0.5505617977528089,0.18705035971223022,0.9819819819819819,0.7465723131357807,0.25342768686421935,2261,573,0.8125,0.52,50,32,139,26,sec_test_0003
no_motion,19521006,test,0.0,109,30,0.6666666666666666,0.1834862385321101,0.28776978417266186,0.13725490196078433,1.0275229357798166,0.7798232695139912,0.22017673048600883,1358,299,0.27419354838709675,0.6538461538461539,52,124,102,14,sec_test_0004
no_motion,19521006,test,0.7,109,64,0.71875,0.42201834862385323,0.5317919075144508,0.21739130434782608,1.0458715596330275,0.7471264367816092,0.25287356321839083,2262,572,0.9,0.5192307692307693,52,30,138,30,sec_test_0004
no_motion,19521006,test,0.0,107,43,0.7674418604651163,0.308411214953271,0.44,0.17647058823529413,0.8785046728971962,0.7784730913642053,0.22152690863579474,1598,354,0.37755102040816324,0.6851851851851852,54,98,102,18,sec_test_0005
no_motion,19521006,test,0.7,107,66,0.7424242424242424,0.45794392523364486,0.5664739884393064,0.2440944881889764,0.897196261682243,0.7575890893092829,0.2424109106907171,2273,551,0.8928571428571429,0.46296296296296297,54,28,127,31,sec_test_0005
no_motion,19521006,test,0.0,108,27,0.8148148148148148,0.2037037037037037,0.32592592592592595,0.11578947368421053,0.9722222222222222,0.7846743295019157,0.2153256704980843,1305,281,0.2713178294573643,0.660377358490566,53,129,95,11,sec_test_0006
no_motion,19521006,test,0.7,108,60,0.75,0.4166666666666667,0.5357142857142857,0.16296296296296298,1.0,0.7665924276169265,0.2334075723830735,2245,524,0.8064516129032258,0.4716981132075472,53,31,135,22,sec_test_0006
no_motion,19521006,test,0.0,112,38,0.7894736842105263,0.26785714285714285,0.4,0.15463917525773196,0.8839285714285714,0.7573479152426521,0.24265208475734792,1463,355,0.27350427350427353,0.6530612244897959,49,117,97,15,sec_test_0007
no_motion,19521006,test,0.7,112,70,0.7142857142857143,0.44642857142857145,0.5494505494505495,0.23529411764705882,0.9910714285714286,0.7299488054607508,0.27005119453924914,2344,633,1.0,0.5102040816326531,49,25,136,32,sec_test_0007
no_motion,19521006,test,0.0,106,38,0.6842105263157895,0.24528301886792453,0.36111111111111105,0.18446601941747573,0.9905660377358491,0.7498362802881466,0.2501637197118533,1527,382,0.3942307692307692,0.7454545454545455,55,104,103,19,sec_test_0008
no_motion,19521006,test,0.7,106,63,0.6349206349206349,0.37735849056603776,0.47337278106508884,0.25735294117647056,1.1226415094339623,0.7339489885664028,0.26605101143359716,2274,605,1.0,0.4727272727272727,55,26,136,35,sec_test_0008
no_motion,19521006,test,0.0,108,36,0.5555555555555556,0.18518518518518517,0.2777777777777778,0.22105263157894736,1.0648148148148149,0.7563139931740614,0.24368600682593858,1465,357,0.30973451327433627,0.660377358490566,53,113,95,21,sec_test_0009
no_motion,19521006,test,0.7,108,57,0.5789473684210527,0.3055555555555556,0.4000000000000001,0.3253968253968254,1.2314814814814814,0.7301656495204882,0.26983435047951176,2294,619,0.9629629629629629,0.49056603773584906,53,27,126,41,sec_test_0009
no_motion,19521006,test,0.0,110,33,0.8787878787878788,0.2636363636363636,0.40559440559440557,0.14736842105263157,0.9090909090909091,0.8215613382899628,0.17843866171003717,1345,240,0.28346456692913385,0.7058823529411765,51,127,95,14,sec_test_0010
no_motion,19521006,test,0.7,110,70,0.8,0.509090909090909,0.6222222222222221,0.23308270676691728,0.8909090909090909,0.7717533887188457,0.22824661128115434,2287,522,0.8620689655172413,0.49019607843137253,51,29,133,31,sec_test_0010
no_motion,19521006,test,0.0,98,32,0.8125,0.2653061224489796,0.39999999999999997,0.1262135922330097,0.9591836734693877,0.7668798862828714,0.23312011371712865,1407,328,0.37962962962962965,0.6507936507936508,63,108,103,13,sec_test_0011
no_motion,19521006,test,0.7,98,59,0.6610169491525424,0.3979591836734694,0.4968152866242038,0.19696969696969696,1.0612244897959184,0.7255535055350554,0.2744464944649446,2168,595,0.896551724137931,0.4126984126984127,63,29,132,26,sec_test_0011
no_motion,19521006,test,0.0,116,41,0.8048780487804879,0.28448275862068967,0.42038216560509556,0.16666666666666666,0.896551724137931,0.7763819095477387,0.2236180904522613,1592,356,0.29906542056074764,0.7111111111111111,45,107,108,18,sec_test_0012
no_motion,19521006,test,0.7,116,74,0.7162162162162162,0.45689655172413796,0.5578947368421053,0.2608695652173913,0.9827586206896551,0.7462057335581788,0.25379426644182124,2372,602,0.9615384615384616,0.5555555555555556,45,26,138,36,sec_test_0012
