model,split,metric,mean,std,seed19521006
m3_full,dev,precision,0.7055,0.0000,0.7055
m3_full,dev,recall,0.1746,0.0000,0.1746
m3_full,dev,f1,0.2792,0.0000,0.2792
m3_full,dev,wrong_merge_rate,0.1815,0.0000,0.1815
m3_full,dev,fragmentation_rate,0.9774,0.0000,0.9774
m3_full,dev,impossible_transition_rate,0.2694,0.0000,0.2694
m3_full,dev,trajectory_consistency_rate,0.7306,0.0000,0.7306
m3_full,dev,dangling_precision,0.2602,0.0000,0.2602
m3_full,dev,dangling_recall,0.7849,0.0000,0.7849
m3_full,test,precision,0.6994,0.0000,0.6994
m3_full,test,recall,0.1751,0.0000,0.1751
m3_full,test,f1,0.2782,0.0000,0.2782
m3_full,test,wrong_merge_rate,0.2038,0.0000,0.2038
m3_full,test,fragmentation_rate,0.9775,0.0000,0.9775
m3_full,test,impossible_transition_rate,0.2761,0.0000,0.2761
m3_full,test,trajectory_consistency_rate,0.7239,0.0000,0.7239
m3_full,test,dangling_precision,0.2541,0.0000,0.2541
m3_full,test,dangling_recall,0.7422,0.0000,0.7422
no_motion,dev,precision,0.7424,0.0000,0.7424
no_motion,dev,recall,0.2104,0.0000,0.2104
no_motion,dev,f1,0.3270,0.0000,0.3270
no_motion,dev,wrong_merge_rate,0.1835,0.0000,0.1835
no_motion,dev,fragmentation_rate,0.9855,0.0000,0.9855
no_motion,dev,impossible_transition_rate,0.2568,0.0000,0.2568
no_motion,dev,trajectory_consistency_rate,0.7432,0.0000,0.7432
no_motion,dev,dangling_precision,0.2806,0.0000,0.2806
no_motion,dev,dangling_recall,0.7308,0.0000,0.7308
no_motion,test,precision,0.7263,0.0000,0.7263
no_motion,test,recall,0.2099,0.0000,0.2099
no_motion,test,f1,0.3231,0.0000,0.3231
no_motion,test,wrong_merge_rate,0.1780,0.0000,0.1780
no_motion,test,fragmentation_rate,0.9734,0.0000,0.9734
no_motion,test,impossible_transition_rate,0.2473,0.0000,0.2473
no_motion,test,trajectory_consistency_rate,0.7527,0.0000,0.7527
no_motion,test,dangling_precision,0.2805,0.0000,0.2805
no_motion,test,dangling_recall,0.7182,0.0000,0.7182
no_time,dev,precision,0.7138,0.0000,0.7138
no_time,dev,recall,0.1615,0.0000,0.1615
no_time,dev,f1,0.2612,0.0000,0.2612
no_time,dev,wrong_merge_rate,0.1973,0.0000,0.1973
no_time,dev,fragmentation_rate,0.9693,0.0000,0.9693
no_time,dev,impossible_transition_rate,0.2601,0.0000,0.2601
no_time,dev,trajectory_consistency_rate,0.7399,0.0000,0.7399
no_time,dev,dangling_precision,0.2513,0.0000,0.2513
no_time,dev,dangling_recall,0.7937,0.0000,0.7937
no_time,test,precision,0.7312,0.0000,0.7312
no_time,test,recall,0.1618,0.0000,0.1618
no_time,test,f1,0.2629,0.0000,0.2629
no_time,test,wrong_merge_rate,0.1846,0.0000,0.1846
no_time,test,fragmentation_rate,0.9558,0.0000,0.9558
no_time,test,impossible_transition_rate,0.2513,0.0000,0.2513
no_time,test,trajectory_consistency_rate,0.7487,0.0000,0.7487
no_time,test,dangling_precision,0.2485,0.0000,0.2485
no_time,test,dangling_recall,0.7852,0.0000,0.7852
no_state,dev,precision,0.6514,0.0000,0.6514
no_state,dev,recall,0.1338,0.0000,0.1338
no_state,dev,f1,0.2202,0.0000,0.2202
no_state,dev,wrong_merge_rate,0.2160,0.0000,0.2160
no_state,dev,fragmentation_rate,1.0262,0.0000,1.0262
no_state,dev,impossible_transition_rate,0.2800,0.0000,0.2800
no_state,dev,trajectory_consistency_rate,0.7200,0.0000,0.7200
no_state,dev,dangling_precision,0.2446,0.0000,0.2446
no_state,dev,dangling_recall,0.7900,0.0000,0.7900
no_state,test,precision,0.6566,0.0000,0.6566
no_state,test,recall,0.1295,0.0000,0.1295
no_state,test,f1,0.2149,0.0000,0.2149
no_state,test,wrong_merge_rate,0.2185,0.0000,0.2185
no_state,test,fragmentation_rate,1.0072,0.0000,1.0072
no_state,test,impossible_transition_rate,0.2825,0.0000,0.2825
no_state,test,trajectory_consistency_rate,0.7175,0.0000,0.7175
no_state,test,dangling_precision,0.2374,0.0000,0.2374
no_state,test,dangling_recall,0.7799,0.0000,0.7799
no_rel,dev,precision,0.6805,0.0000,0.6805
no_rel,dev,recall,0.1864,0.0000,0.1864
no_rel,dev,f1,0.2912,0.0000,0.2912
no_rel,dev,wrong_merge_rate,0.2308,0.0000,0.2308
no_rel,dev,fragmentation_rate,1.0014,0.0000,1.0014
no_rel,dev,impossible_transition_rate,0.2941,0.0000,0.2941
no_rel,dev,trajectory_consistency_rate,0.7059,0.0000,0.7059
no_rel,dev,dangling_precision,0.2743,0.0000,0.2743
no_rel,dev,dangling_recall,0.7606,0.0000,0.7606
no_rel,test,precision,0.7122,0.0000,0.7122
no_rel,test,recall,0.1920,0.0000,0.1920
no_rel,test,f1,0.2998,0.0000,0.2998
no_rel,test,wrong_merge_rate,0.1984,0.0000,0.1984
no_rel,test,fragmentation_rate,0.9701,0.0000,0.9701
no_rel,test,impossible_transition_rate,0.2708,0.0000,0.2708
no_rel,test,trajectory_consistency_rate,0.7292,0.0000,0.7292
no_rel,test,dangling_precision,0.2639,0.0000,0.2639
no_rel,test,dangling_recall,0.7319,0.0000,0.7319
no_src,dev,precision,0.7209,0.0000,0.7209
no_src,dev,recall,0.1976,0.0000,0.1976
no_src,dev,f1,0.3087,0.0000,0.3087
no_src,dev,wrong_merge_rate,0.2134,0.0000,0.2134
no_src,dev,fragmentation_rate,0.9875,0.0000,0.9875
no_src,dev,impossible_transition_rate,0.2615,0.0000,0.2615
no_src,dev,trajectory_consistency_rate,0.7385,0.0000,0.7385
no_src,dev,dangling_precision,0.2664,0.0000,0.2664
no_src,dev,dangling_recall,0.7625,0.0000,0.7625
no_src,test,precision,0.7072,0.0000,0.7072
no_src,test,recall,0.1786,0.0000,0.1786
no_src,test,f1,0.2831,0.0000,0.2831
no_src,test,wrong_merge_rate,0.1929,0.0000,0.1929
no_src,test,fragmentation_rate,0.9828,0.0000,0.9828
no_src,test,impossible_transition_rate,0.2545,0.0000,0.2545
no_src,test,trajectory_consistency_rate,0.7455,0.0000,0.7455
no_src,test,dangling_precision,0.2489,0.0000,0.2489
no_src,test,dangling_recall,0.7238,0.0000,0.7238
