model,seed,split,precision,recall,f1,wrong_merge_rate,fragmentation_rate,impossible_transition_rate,trajectory_consistency_rate,dangling_precision,dangling_recall
m3_full,19521006,dev,0.7549750558292921,0.4514534497760722,0.5642686368212882,0.20715312306749703,0.8581710884101484,0.2869903978643037,0.7130096021356963,0.5955723181221625,0.5325399760293982
m3_full,19521006,test,0.7521388184766573,0.4438535281725389,0.5580556560323449,0.2206179412787549,0.8815516373174895,0.2889229328611941,0.711077067138806,0.6257435765995687,0.5145481458478682
m3_full,19521007,dev,0.7647754240112642,0.4612414460000467,0.5748229303653086,0.20462568234017506,0.8674616934410789,0.2795375996762763,0.7204624003237239,0.6847404674089211,0.5427246333142507
m3_full,19521007,test,0.7608210497344333,0.4711848665855726,0.5812985468377808,0.2082314053394995,0.8461340507702937,0.28513856224767326,0.7148614377523267,0.740063451410164,0.4984559693449175
m3_full,19521008,dev,0.724152762520918,0.44968256377889765,0.5535190117811023,0.23453513578676108,0.9198577665125321,0.3040468985107745,0.6959531014892256,0.7303496651393369,0.5131001096917727
m3_full,19521008,test,0.7429259798182029,0.44448855164069284,0.5557601372717508,0.22367766315463308,0.9113274857426389,0.3003256790549442,0.6996743209450558,0.7740983571489688,0.4962356793566966
m3_full,19521009,dev,0.7365687463887726,0.4386230535265499,0.5491734373617605,0.22366139295859178,0.9236784785493951,0.29425634620291063,0.7057436537970895,0.707202455146534,0.5072089613664138
m3_full,19521009,test,0.7419316617830579,0.4447312805558545,0.5555590950219844,0.23113219311435645,0.8892346184006186,0.3002698199990776,0.6997301800009225,0.7070706573296063,0.49643795346098424
m3_full,19521010,dev,0.7363042789525188,0.4506241669875009,0.5586771738040205,0.20751940633784138,0.8774862991436944,0.2961703529217942,0.7038296470782058,0.6680199541765429,0.5102572491734736
m3_full,19521010,test,0.7811401755834638,0.4618519667110176,0.5797150993290744,0.21384909529974772,0.8576553176592591,0.2967173555078604,0.7032826444921395,0.6733315878735978,0.504220927569048
no_motion,19521006,dev,0.7556277056277056,0.4271253354440012,0.5444963830185966,0.2142869876415976,0.8674864010215247,0.292991279219783,0.707008720780217,0.5307164011295675,0.5350697911629653
no_motion,19521006,test,0.7609257498672423,0.40864919262136135,0.5310317272753495,0.21559428416158538,0.883132841573399,0.2938654008667352,0.7061345991332648,0.5192854990054107,0.5351666238289835
no_motion,19521007,dev,0.7350416921203585,0.4260407389493806,0.538568063437122,0.219314923535451,0.9058924050034077,0.29783218163847186,0.7021678183615282,0.6260277239097837,0.5243121452189158
no_motion,19521007,test,0.755472684870621,0.4286614138351273,0.5461389180595531,0.2163676169829609,0.8902048549957979,0.29299842644535684,0.7070015735546431,0.6095490424055596,0.5139032784268938
no_motion,19521008,dev,0.766767908629495,0.46762198389963366,0.5795902599037336,0.22921701859687582,0.8769698944939758,0.3120515407353969,0.6879484592646031,0.7727551054312203,0.496498326971569
no_motion,19521008,test,0.7303862958259285,0.4309056866857394,0.5418331551492529,0.22814129957497517,0.9226846074562348,0.30124562996833865,0.6987543700316614,0.7560935023554,0.5015817364527019
no_motion,19521009,dev,0.7140939453874156,0.42812472673484114,0.5344373516420949,0.23824833281722888,0.949085679987918,0.30033362438640265,0.6996663756135973,0.7650356294429729,0.5071298517634947
no_motion,19521009,test,0.7377217093911388,0.43580272903579637,0.5473427203251415,0.2330426803630421,0.9347017705467328,0.28871665903160565,0.7112833409683943,0.7607963802306803,0.4986752245370303
no_motion,19521010,dev,0.7641966081770221,0.45873459858919413,0.5721745344220055,0.20224403685690504,0.8713780001087903,0.2850544153362519,0.7149455846637481,0.6687270895832936,0.5152460997246674
no_motion,19521010,test,0.7564468021602017,0.4485844566156084,0.5623373408057823,0.21627190630906246,0.8742323051326808,0.2908467295365872,0.7091532704634128,0.6806049498497185,0.500814897503382
no_time,19521006,dev,0.7628048010251169,0.4582692425248524,0.5701283749135938,0.20075819397179592,0.8803754836747406,0.2806910066041955,0.7193089933958045,0.654508572781967,0.5368350452171218
no_time,19521006,test,0.7714279819668612,0.46190273228784184,0.5773860578729141,0.20557330507216187,0.8653242237396584,0.2849393824981586,0.7150606175018416,0.685676173159738,0.5111479480143816
no_time,19521007,dev,0.7627219195057652,0.46880386984528744,0.5803134173768608,0.21860614602248593,0.836279371046709,0.29736792932298317,0.7026320706770167,0.7094372494825546,0.5154578559091679
no_time,19521007,test,0.7690202425169518,0.4627599930230436,0.5775178887987341,0.20977544134863624,0.8661482631096914,0.30302652101438976,0.6969734789856101,0.7106893632985932,0.5078691359903387
no_time,19521008,dev,0.7426148857072445,0.4536101094586488,0.5626149152724921,0.2194778543667654,0.9023393179800001,0.2963307728471666,0.7036692271528335,0.7514677422163477,0.5109997539072063
no_time,19521008,test,0.7399189717295295,0.4422150150178953,0.5531866875413585,0.23417044826676225,0.9202148548825752,0.3048655554241991,0.6951344445758009,0.7591027731227291,0.501350918259183
no_time,19521009,dev,0.7507088278585403,0.4673999027143816,0.5758576891479981,0.24260615887383855,0.9049682722287827,0.30713877983130633,0.692861220168694,0.8752835953030612,0.49214925012249205
no_time,19521009,test,0.7614190099927707,0.48225301151249184,0.5895317475970613,0.21284848886631375,0.8835293643741859,0.2973109623544478,0.702689037645552,0.921704551711183,0.4825714392107693
no_time,19521010,dev,0.7592804926603284,0.4181897516462842,0.5382144680251536,0.19702148538727152,0.8846455428004342,0.26991037400364737,0.7300896259963529,0.524103385289826,0.5572582257558486
no_time,19521010,test,0.7526632136225719,0.41278100126236494,0.5322955474609938,0.19144400822336138,0.8900920099953376,0.2780031441582506,0.7219968558417492,0.5313498495407377,0.5219379960587649
no_state,19521006,dev,0.7760333829449818,0.42659174369458325,0.5493925927989431,0.21066142621632492,0.8612330314222438,0.28686535923949863,0.7131346407605013,0.5408104782842187,0.5530987541590334
no_state,19521006,test,0.7543187497935181,0.4087698845156022,0.5293354097096004,0.203341902218553,0.8796545032785196,0.29643486935320323,0.7035651306467968,0.5096731770569746,0.5279679240308598
no_state,19521007,dev,0.7969607072195858,0.45998161569598545,0.5823114451371094,0.20493918708325243,0.8325749287307748,0.27884849021670527,0.7211515097832947,0.5843986188884619,0.5432699006585008
no_state,19521007,test,0.7849989522567326,0.4761252153837349,0.5923981726172137,0.20527443225543604,0.7857538228236683,0.28603501331379866,0.7139649866862013,0.6372293962751819,0.5219395362808146
no_state,19521008,dev,0.7383199320907773,0.45950319467291806,0.565357001313665,0.22708194296386985,0.9040994432029051,0.2959048952056529,0.7040951047943471,0.7579933944591746,0.5086182695348072
no_state,19521008,test,0.7263702830513404,0.4320765244677171,0.5412111924622017,0.2566038535212086,0.9360011084877857,0.3129748319076701,0.6870251680923297,0.7991678957353895,0.49394000509702884
no_state,19521009,dev,0.7629246068610637,0.4745186130472298,0.5848371835144389,0.2041869343679339,0.888371745431686,0.29352299348577926,0.7064770065142207,0.790167919443299,0.509838466340475
no_state,19521009,test,0.7525217461086542,0.4664591527247782,0.5757546188127066,0.23598673677678,0.884076933578608,0.30246364664601083,0.6975363533539891,0.7898697612845645,0.49729227422176076
no_state,19521010,dev,0.7951444356297902,0.4284672536949065,0.5558075738543182,0.17014660849635999,0.8512208255289635,0.2723850739182076,0.7276149260817922,0.4827630224842729,0.559390570807993
no_state,19521010,test,0.7731810502976002,0.4112916311969434,0.5359896042385469,0.18334910574628777,0.8780196746776555,0.2785672253431406,0.7214327746568594,0.4788787720835831,0.5369885535770297
no_rel,19521006,dev,0.7708768381227653,0.43901758300948845,0.5587019681349393,0.20545003017932117,0.8686448479888907,0.27908397695174875,0.7209160230482513,0.5432245881855668,0.5268049293662038
no_rel,19521006,test,0.7934106367108184,0.45730483326573357,0.5795521732012061,0.19047811815784924,0.8301204147528775,0.28081680826336775,0.7191831917366323,0.5396671797520852,0.5122883854827085
no_rel,19521007,dev,0.7593417267413325,0.4440465233224653,0.5598223165883718,0.22272049900307067,0.8802251792238396,0.2824533084892575,0.7175466915107425,0.6467490862140322,0.542926987075041
no_rel,19521007,test,0.7799504965740015,0.4692644942415759,0.5856646251483886,0.2108609395420691,0.8511120966434877,0.2848069167021151,0.7151930832978848,0.7002946656724572,0.5204564539672778
no_rel,19521008,dev,0.7446338568167955,0.47812068466508223,0.581482018630878,0.22929348044036293,0.8669736079724237,0.3008092618373442,0.6991907381626558,0.8251403019700856,0.5035649920077901
no_rel,19521008,test,0.7422211060234686,0.45944031648803674,0.5670545164614762,0.2292614594537891,0.9055772191390884,0.3113975245776754,0.6886024754223248,0.8481038740326334,0.4818290791300673
no_rel,19521009,dev,0.7603377746805227,0.46845743657681954,0.57916038044992,0.22443687321435854,0.8912395845503679,0.304466031213561,0.6955339687864389,0.814346824034876,0.5044881238868044
no_rel,19521009,test,0.7469914596655107,0.4543541631534765,0.5646785931814314,0.22937370629935558,0.9044723495186786,0.3039642049184512,0.696035795081549,0.8231058030586103,0.48955822335675653
no_rel,19521010,dev,0.765164378605326,0.4055629136777125,0.5284908636661784,0.2054568050665563,0.8694921299052049,0.2853637720122534,0.7146362279877465,0.48974920470434075,0.5827757058500277
no_rel,19521010,test,0.7564660185375038,0.4053983475131217,0.5265158744552341,0.21069065228769415,0.8920226254664481,0.2934100447565898,0.7065899552434103,0.5005287409968556,0.5473401627471755
no_src,19521006,dev,0.777882156869602,0.4304354204674574,0.5536919243142474,0.19420934693050196,0.8639650462719293,0.2712213741266835,0.7287786258733164,0.541808953028427,0.5540451235906786
no_src,19521006,test,0.7491389675720542,0.4206884054358072,0.5381803945381891,0.21264447227563055,0.86870865445682,0.2843119970418846,0.7156880029581154,0.5564035170801472,0.5382725009400589
no_src,19521007,dev,0.7654811736939022,0.44582245877733495,0.5624651085694027,0.20152877259753513,0.870741612709072,0.2842214785059226,0.7157785214940774,0.5694953143036513,0.5399270630804428
no_src,19521007,test,0.7589361150636896,0.4539967933758718,0.5674585773692722,0.19493577261427217,0.8228504226272763,0.27952356347701346,0.7204764365229865,0.5677047656445017,0.5135222535508607
no_src,19521008,dev,0.7522029359023751,0.4512853204490506,0.563516950182216,0.21126780888706667,0.8712035913618646,0.28476429834758715,0.7152357016524129,0.6641634265453799,0.5259088562802813
no_src,19521008,test,0.7398949311409102,0.423497590307325,0.5379874176819924,0.22928015976369678,0.923745802022117,0.29493910603861895,0.7050608939613812,0.6595679078662933,0.5170803999185837
no_src,19521009,dev,0.7435594393769321,0.45826619357815135,0.566482779880798,0.22473905240947267,0.8965456890422074,0.29547979295552756,0.7045202070444724,0.7943946363459329,0.5111976699682176
no_src,19521009,test,0.767667068477372,0.4663714524173106,0.579566159378911,0.2195353774435032,0.8797117950037442,0.2941627606221464,0.7058372393778536,0.7948765451635471,0.4980349553793629
no_src,19521010,dev,0.751420944074133,0.4288731091685829,0.5452457522769077,0.1956491232694888,0.9068370201262069,0.27793968081415094,0.7220603191858489,0.6156163153570515,0.5344715918476607
no_src,19521010,test,0.7566125897336118,0.42791846474582934,0.5457579252899588,0.20116281854760493,0.8894167661561857,0.2837259001444665,0.7162740998555335,0.5995749484271496,0.5150928723954487
